COMUNE,ISTAT,PROVINCIA,CODICE_ZONA_OMOGENEA_RISCHIO_IDROMETEO,NOME_ZONA_OMOGENEA_RISCHIO_IDROMETEO
CERMENATE,3013064,CO,IM-09,NODO IDRAULICO DI MILANO
CESANO BOSCONE,3015074,MI,IM-12,BASSA PIANURA OCCIDENTALE
CASELLE LANDI,3098011,LO,IM-12,BASSA PIANURA OCCIDENTALE
VERGIATE,3012138,VA,IM-04,LAGHI E PREALPI VARESINE
CORNALBA,3016249,BG,IM-06,OROBIE BERGAMASCHE
SAN BENEDETTO PO,3020055,MN,IM-13,BASSA PIANURA ORIENTALE
MORTERONE,3097055,LC,IM-05,LARIO E PREALPI OCCIDENTALI
BAGNATICA,3016018,BG,IM-10,PIANURA CENTRALE
COSTA MASNAGA,3097026,LC,IM-09,NODO IDRAULICO DI MILANO
BARZANO`,3097006,LC,IM-09,NODO IDRAULICO DI MILANO
CASSAGO BRIANZA,3097017,LC,IM-09,NODO IDRAULICO DI MILANO
MONTAGNA IN VALTELLINA,3014044,SO,IM-02,MEDIA-BASSA VALTELLINA
MONTEVECCHIA,3097053,LC,IM-05,LARIO E PREALPI OCCIDENTALI
CASORATE SEMPIONE,3012039,VA,IM-09,NODO IDRAULICO DI MILANO
SAN BASSANO,3019088,CR,IM-10,PIANURA CENTRALE
INZAGO,3015114,MI,IM-09,NODO IDRAULICO DI MILANO
MONTICELLI BRUSATI,3017112,BS,IM-08,LAGHI E PREALPI ORIENTALI
BRENTA,3012019,VA,IM-04,LAGHI E PREALPI VARESINE
CERVESINA,3018047,PV,IM-12,BASSA PIANURA OCCIDENTALE
CUCCIAGO,3013084,CO,IM-09,NODO IDRAULICO DI MILANO
MALEGNO,3017100,BS,IM-07,VALCAMONICA
AZZANELLO,3019004,CR,IM-11,ALTA PIANURA ORIENTALE
CIRIMIDO,3013068,CO,IM-09,NODO IDRAULICO DI MILANO
TELGATE,3016212,BG,IM-11,ALTA PIANURA ORIENTALE
REDAVALLE,3018120,PV,IM-14,APPENNINO PAVESE
TORRE BERETTI E CASTELLARO,3018156,PV,IM-12,BASSA PIANURA OCCIDENTALE
SESTO CALENDE,3012120,VA,IM-04,LAGHI E PREALPI VARESINE
PARLASCO,3097064,LC,IM-05,LARIO E PREALPI OCCIDENTALI
MAZZANO,3017107,BS,IM-11,ALTA PIANURA ORIENTALE
GERENZANO,3012075,VA,IM-09,NODO IDRAULICO DI MILANO
PAVIA,3018110,PV,IM-12,BASSA PIANURA OCCIDENTALE
VALGANNA,3012131,VA,IM-04,LAGHI E PREALPI VARESINE
CALVIGNANO,3018025,PV,IM-14,APPENNINO PAVESE
MEDE,3018088,PV,IM-12,BASSA PIANURA OCCIDENTALE
CIMBERGO,3017054,BS,IM-07,VALCAMONICA
GAVERINA TERME,3016110,BG,IM-08,LAGHI E PREALPI ORIENTALI
GARZENO,3013106,CO,IM-05,LARIO E PREALPI OCCIDENTALI
CAVA MANARA,3018041,PV,IM-12,BASSA PIANURA OCCIDENTALE
STRADELLA,3018153,PV,IM-14,APPENNINO PAVESE
LISCATE,3015122,MI,IM-09,NODO IDRAULICO DI MILANO
RESCALDINA,3015181,MI,IM-09,NODO IDRAULICO DI MILANO
ABBIATEGRASSO,3015002,MI,IM-09,NODO IDRAULICO DI MILANO
BOVEZZO,3017025,BS,IM-08,LAGHI E PREALPI ORIENTALI
NOVATE MILANESE,3015157,MI,IM-09,NODO IDRAULICO DI MILANO
CERESARA,3020019,MN,IM-11,ALTA PIANURA ORIENTALE
VIGNATE,3015237,MI,IM-09,NODO IDRAULICO DI MILANO
ISEO,3017085,BS,IM-08,LAGHI E PREALPI ORIENTALI
ENTRATICO,3016094,BG,IM-08,LAGHI E PREALPI ORIENTALI
DAZIO,3014025,SO,IM-02,MEDIA-BASSA VALTELLINA
RONCELLO,3108055,MB,IM-09,NODO IDRAULICO DI MILANO
BASSANO BRESCIANO,3017013,BS,IM-11,ALTA PIANURA ORIENTALE
ARZAGO D`ADDA,3016013,BG,IM-10,PIANURA CENTRALE
CALCO,3097012,LC,IM-05,LARIO E PREALPI OCCIDENTALI
MELEGNANO,3015140,MI,IM-09,NODO IDRAULICO DI MILANO
ROBECCO PAVESE,3018124,PV,IM-12,BASSA PIANURA OCCIDENTALE
VALLE SALIMBENE,3018169,PV,IM-12,BASSA PIANURA OCCIDENTALE
NICORVO,3018103,PV,IM-12,BASSA PIANURA OCCIDENTALE
LA VALLETTA BRIANZA,3097092,LC,IM-05,LARIO E PREALPI OCCIDENTALI
SONGAVAZZO,3016201,BG,IM-08,LAGHI E PREALPI ORIENTALI
SENNA LODIGIANA,3098053,LO,IM-12,BASSA PIANURA OCCIDENTALE
MORNAGO,3012106,VA,IM-04,LAGHI E PREALPI VARESINE
CERVENO,3017049,BS,IM-07,VALCAMONICA
BERBENNO,3016023,BG,IM-06,OROBIE BERGAMASCHE
COLERE,3016078,BG,IM-07,VALCAMONICA
SILVANO PIETRA,3018149,PV,IM-12,BASSA PIANURA OCCIDENTALE
PERTICA ALTA,3017139,BS,IM-08,LAGHI E PREALPI ORIENTALI
VILLA DI TIRANO,3014078,SO,IM-02,MEDIA-BASSA VALTELLINA
BESOZZO,3012013,VA,IM-04,LAGHI E PREALPI VARESINE
VILLA BISCOSSI,3018178,PV,IM-12,BASSA PIANURA OCCIDENTALE
CALVIGNASCO,3015042,MI,IM-12,BASSA PIANURA OCCIDENTALE
FONTENO,3016102,BG,IM-08,LAGHI E PREALPI ORIENTALI
COMAZZO,3098020,LO,IM-10,PIANURA CENTRALE
MONTEBELLO DELLA BATTAGLIA,3018095,PV,IM-14,APPENNINO PAVESE
SALERANO SUL LAMBRO,3098046,LO,IM-12,BASSA PIANURA OCCIDENTALE
MAIRAGO,3098034,LO,IM-10,PIANURA CENTRALE
BORGOFRANCO SUL PO,3020006,MN,IM-13,BASSA PIANURA ORIENTALE
CUSANO MILANINO,3015098,MI,IM-09,NODO IDRAULICO DI MILANO
LIMBIATE,3108027,MB,IM-09,NODO IDRAULICO DI MILANO
ZONE,3017205,BS,IM-08,LAGHI E PREALPI ORIENTALI
BELLINZAGO LOMBARDO,3015016,MI,IM-09,NODO IDRAULICO DI MILANO
CILAVEGNA,3018050,PV,IM-12,BASSA PIANURA OCCIDENTALE
CASCIAGO,3012038,VA,IM-04,LAGHI E PREALPI VARESINE
MERLINO,3098039,LO,IM-10,PIANURA CENTRALE
MISANO DI GERA D`ADDA,3016135,BG,IM-10,PIANURA CENTRALE
CREMONA,3019036,CR,IM-13,BASSA PIANURA ORIENTALE
ROGOLO,3014056,SO,IM-02,MEDIA-BASSA VALTELLINA
BRALLO DI PREGOLA,3018021,PV,IM-14,APPENNINO PAVESE
FIESSE,3017071,BS,IM-11,ALTA PIANURA ORIENTALE
BALLABIO,3097004,LC,IM-05,LARIO E PREALPI OCCIDENTALI
ROZZANO,3015189,MI,IM-12,BASSA PIANURA OCCIDENTALE
CORRIDO,3013077,CO,IM-05,LARIO E PREALPI OCCIDENTALI
URAGO D`OGLIO,3017192,BS,IM-11,ALTA PIANURA ORIENTALE
CASNIGO,3016060,BG,IM-06,OROBIE BERGAMASCHE
VAPRIO D`ADDA,3015230,MI,IM-10,PIANURA CENTRALE
MONTE MARENZO,3097052,LC,IM-05,LARIO E PREALPI OCCIDENTALI
PADERNO FRANCIACORTA,3017130,BS,IM-11,ALTA PIANURA ORIENTALE
IRMA,3017084,BS,IM-08,LAGHI E PREALPI ORIENTALI
VALMOREA,3013232,CO,IM-05,LARIO E PREALPI OCCIDENTALI
CARUGATE,3015051,MI,IM-09,NODO IDRAULICO DI MILANO
VALLE LOMELLINA,3018168,PV,IM-12,BASSA PIANURA OCCIDENTALE
RIPALTA ARPINA,3019080,CR,IM-10,PIANURA CENTRALE
CASTEL MELLA,3017042,BS,IM-11,ALTA PIANURA ORIENTALE
VENEGONO INFERIORE,3012136,VA,IM-09,NODO IDRAULICO DI MILANO
CASAZZA,3016058,BG,IM-08,LAGHI E PREALPI ORIENTALI
PONTE SAN PIETRO,3016170,BG,IM-10,PIANURA CENTRALE
GUDO VISCONTI,3015112,MI,IM-12,BASSA PIANURA OCCIDENTALE
VEDESETA,3016230,BG,IM-06,OROBIE BERGAMASCHE
LALLIO,3016123,BG,IM-10,PIANURA CENTRALE
PIANENGO,3019072,CR,IM-10,PIANURA CENTRALE
CINGIA DE` BOTTI,3019031,CR,IM-13,BASSA PIANURA ORIENTALE
GRUMELLO DEL MONTE,3016120,BG,IM-08,LAGHI E PREALPI ORIENTALI
ARDESIO,3016012,BG,IM-06,OROBIE BERGAMASCHE
LOCATE VARESINO,3013131,CO,IM-09,NODO IDRAULICO DI MILANO
SAN GERVASIO BRESCIANO,3017172,BS,IM-11,ALTA PIANURA ORIENTALE
CASTELLETTO DI BRANDUZZO,3018038,PV,IM-12,BASSA PIANURA OCCIDENTALE
PANDINO,3019067,CR,IM-10,PIANURA CENTRALE
COCCAGLIO,3017056,BS,IM-11,ALTA PIANURA ORIENTALE
PIAZZA BREMBANA,3016164,BG,IM-06,OROBIE BERGAMASCHE
CASSANO MAGNAGO,3012040,VA,IM-09,NODO IDRAULICO DI MILANO
VIGOLO,3016237,BG,IM-08,LAGHI E PREALPI ORIENTALI
BARZIO,3097007,LC,IM-05,LARIO E PREALPI OCCIDENTALI
PERLEDO,3097067,LC,IM-05,LARIO E PREALPI OCCIDENTALI
FORESTO SPARSO,3016104,BG,IM-08,LAGHI E PREALPI ORIENTALI
SPINADESCO,3019100,CR,IM-13,BASSA PIANURA ORIENTALE
BODIO LOMNAGO,3012016,VA,IM-04,LAGHI E PREALPI VARESINE
MOZZANICA,3016142,BG,IM-10,PIANURA CENTRALE
VALSOLDA,3013234,CO,IM-05,LARIO E PREALPI OCCIDENTALI
PARABIAGO,3015168,MI,IM-09,NODO IDRAULICO DI MILANO
GOITO,3020026,MN,IM-11,ALTA PIANURA ORIENTALE
SAN ZENONE AL LAMBRO,3015202,MI,IM-12,BASSA PIANURA OCCIDENTALE
ALAGNA,3018001,PV,IM-12,BASSA PIANURA OCCIDENTALE
SANGIANO,3012141,VA,IM-04,LAGHI E PREALPI VARESINE
CURA CARPIGNANO,3018060,PV,IM-12,BASSA PIANURA OCCIDENTALE
CRESPIATICA,3098025,LO,IM-10,PIANURA CENTRALE
ERBUSCO,3017069,BS,IM-11,ALTA PIANURA ORIENTALE
CALCIO,3016044,BG,IM-11,ALTA PIANURA ORIENTALE
VALDIDENTRO,3014071,SO,IM-03,ALTA VALTELLINA
SOLBIATE OLONA,3012122,VA,IM-09,NODO IDRAULICO DI MILANO
PIADENA,3019071,CR,IM-11,ALTA PIANURA ORIENTALE
PRALBOINO,3017152,BS,IM-11,ALTA PIANURA ORIENTALE
GEMONIO,3012074,VA,IM-04,LAGHI E PREALPI VARESINE
TORRAZZA COSTE,3018155,PV,IM-14,APPENNINO PAVESE
MONTECALVO VERSIGGIA,3018096,PV,IM-14,APPENNINO PAVESE
GORGONZOLA,3015108,MI,IM-09,NODO IDRAULICO DI MILANO
TERNATE,3012126,VA,IM-04,LAGHI E PREALPI VARESINE
TIGNALE,3017185,BS,IM-08,LAGHI E PREALPI ORIENTALI
MAGASA,3017098,BS,IM-08,LAGHI E PREALPI ORIENTALI
SCANDOLARA RIPA D`OGLIO,3019093,CR,IM-11,ALTA PIANURA ORIENTALE
GHEDI,3017078,BS,IM-11,ALTA PIANURA ORIENTALE
BRESSO,3015032,MI,IM-09,NODO IDRAULICO DI MILANO
BIZZARONE,3013024,CO,IM-05,LARIO E PREALPI OCCIDENTALI
ESINE,3017070,BS,IM-07,VALCAMONICA
CUASSO AL MONTE,3012058,VA,IM-04,LAGHI E PREALPI VARESINE
BOVISIO MASCIAGO,3108010,MB,IM-09,NODO IDRAULICO DI MILANO
FORTUNAGO,3018064,PV,IM-14,APPENNINO PAVESE
TAVERNOLA BERGAMASCA,3016211,BG,IM-08,LAGHI E PREALPI ORIENTALI
ORINO,3012110,VA,IM-04,LAGHI E PREALPI VARESINE
REA,3018119,PV,IM-12,BASSA PIANURA OCCIDENTALE
TREVISO BRESCIANO,3017191,BS,IM-08,LAGHI E PREALPI ORIENTALI
ACQUANEGRA SUL CHIESE,3020001,MN,IM-11,ALTA PIANURA ORIENTALE
BELLANO,3097008,LC,IM-05,LARIO E PREALPI OCCIDENTALI
CUSAGO,3015097,MI,IM-09,NODO IDRAULICO DI MILANO
MEDOLAGO,3016250,BG,IM-10,PIANURA CENTRALE
GHISALBA,3016113,BG,IM-10,PIANURA CENTRALE
CAMPAGNOLA CREMASCA,3019011,CR,IM-10,PIANURA CENTRALE
VERDERIO,3097091,LC,IM-10,PIANURA CENTRALE
GORLAGO,3016114,BG,IM-08,LAGHI E PREALPI ORIENTALI
CRANDOLA VALSASSINA,3097027,LC,IM-05,LARIO E PREALPI OCCIDENTALI
AROSIO,3013012,CO,IM-09,NODO IDRAULICO DI MILANO
MOSCAZZANO,3019060,CR,IM-10,PIANURA CENTRALE
PONTEVICO,3017149,BS,IM-11,ALTA PIANURA ORIENTALE
CASTELBELFORTE,3020013,MN,IM-11,ALTA PIANURA ORIENTALE
OLIVA GESSI,3018105,PV,IM-14,APPENNINO PAVESE
SPRIANA,3014062,SO,IM-02,MEDIA-BASSA VALTELLINA
VIZZOLA TICINO,3012140,VA,IM-09,NODO IDRAULICO DI MILANO
RODIGO,3020051,MN,IM-11,ALTA PIANURA ORIENTALE
VIGEVANO,3018177,PV,IM-12,BASSA PIANURA OCCIDENTALE
MORENGO,3016140,BG,IM-10,PIANURA CENTRALE
PINAROLO PO,3018115,PV,IM-12,BASSA PIANURA OCCIDENTALE
EDOLO,3017068,BS,IM-07,VALCAMONICA
GROMO,3016118,BG,IM-06,OROBIE BERGAMASCHE
MAGNAGO,3015131,MI,IM-09,NODO IDRAULICO DI MILANO
AGRA,3012001,VA,IM-04,LAGHI E PREALPI VARESINE
TORRE DE` BUSI,3097080,LC,IM-05,LARIO E PREALPI OCCIDENTALI
MAGREGLIO,3013139,CO,IM-05,LARIO E PREALPI OCCIDENTALI
DIZZASCO,3013087,CO,IM-05,LARIO E PREALPI OCCIDENTALI
BRENNA,3013029,CO,IM-09,NODO IDRAULICO DI MILANO
SCHILPARIO,3016195,BG,IM-07,VALCAMONICA
OSNAGO,3097061,LC,IM-09,NODO IDRAULICO DI MILANO
LONGONE AL SEGRINO,3013134,CO,IM-05,LARIO E PREALPI OCCIDENTALI
BREMBIO,3098006,LO,IM-12,BASSA PIANURA OCCIDENTALE
SUELLO,3097078,LC,IM-05,LARIO E PREALPI OCCIDENTALI
PALAZZAGO,3016156,BG,IM-06,OROBIE BERGAMASCHE
SPINO D`ADDA,3019102,CR,IM-10,PIANURA CENTRALE
RIVA DI SOLTO,3016180,BG,IM-08,LAGHI E PREALPI ORIENTALI
EUPILIO,3013097,CO,IM-05,LARIO E PREALPI OCCIDENTALI
BISUSCHIO,3012015,VA,IM-04,LAGHI E PREALPI VARESINE
OFFLAGA,3017122,BS,IM-11,ALTA PIANURA ORIENTALE
PLESIO,3013185,CO,IM-05,LARIO E PREALPI OCCIDENTALI
BAGNOLO SAN VITO,3020003,MN,IM-13,BASSA PIANURA ORIENTALE
GIUSSAGO,3018072,PV,IM-12,BASSA PIANURA OCCIDENTALE
VARENNA,3097084,LC,IM-05,LARIO E PREALPI OCCIDENTALI
MARTINENGO,3016133,BG,IM-10,PIANURA CENTRALE
CASTANA,3018036,PV,IM-14,APPENNINO PAVESE
CASTELNOVETTO,3018040,PV,IM-12,BASSA PIANURA OCCIDENTALE
CASALOLDO,3020011,MN,IM-11,ALTA PIANURA ORIENTALE
MONTIRONE,3017114,BS,IM-11,ALTA PIANURA ORIENTALE
BOFFALORA D`ADDA,3098003,LO,IM-10,PIANURA CENTRALE
SOLAROLO RAINERIO,3019096,CR,IM-13,BASSA PIANURA ORIENTALE
QUINTANO,3019078,CR,IM-10,PIANURA CENTRALE
MEZZANA BIGLI,3018090,PV,IM-12,BASSA PIANURA OCCIDENTALE
ALBUZZANO,3018004,PV,IM-12,BASSA PIANURA OCCIDENTALE
ORZIVECCHI,3017126,BS,IM-11,ALTA PIANURA ORIENTALE
MULAZZANO,3098041,LO,IM-12,BASSA PIANURA OCCIDENTALE
PASSIRANO,3017136,BS,IM-11,ALTA PIANURA ORIENTALE
MONTESEGALE,3018098,PV,IM-14,APPENNINO PAVESE
CASASCO D`INTELVI,3013050,CO,IM-05,LARIO E PREALPI OCCIDENTALI
VERANO BRIANZA,3108048,MB,IM-09,NODO IDRAULICO DI MILANO
SOMAGLIA,3098054,LO,IM-12,BASSA PIANURA OCCIDENTALE
SETTALA,3015210,MI,IM-09,NODO IDRAULICO DI MILANO
BONEMERSE,3019006,CR,IM-13,BASSA PIANURA ORIENTALE
TORRE DE` NEGRI,3018158,PV,IM-12,BASSA PIANURA OCCIDENTALE
FAEDO VALTELLINO,3014028,SO,IM-02,MEDIA-BASSA VALTELLINA
BORNO,3017022,BS,IM-07,VALCAMONICA
ROGNANO,3018127,PV,IM-12,BASSA PIANURA OCCIDENTALE
SAN FEDELE INTELVI,3013205,CO,IM-05,LARIO E PREALPI OCCIDENTALI
PRIMALUNA,3097070,LC,IM-05,LARIO E PREALPI OCCIDENTALI
SULZANO,3017182,BS,IM-08,LAGHI E PREALPI ORIENTALI
CABIATE,3013035,CO,IM-09,NODO IDRAULICO DI MILANO
VILLA D`OGNA,3016241,BG,IM-06,OROBIE BERGAMASCHE
ALMENNO SAN SALVATORE,3016007,BG,IM-06,OROBIE BERGAMASCHE
SOVERE,3016204,BG,IM-08,LAGHI E PREALPI ORIENTALI
VOLTA MANTOVANA,3020070,MN,IM-11,ALTA PIANURA ORIENTALE
CENE,3016070,BG,IM-06,OROBIE BERGAMASCHE
CASTELLO DI BRIANZA,3097019,LC,IM-05,LARIO E PREALPI OCCIDENTALI
VIZZOLO PREDABISSI,3015244,MI,IM-09,NODO IDRAULICO DI MILANO
ALBAREDO ARNABOLDI,3018002,PV,IM-12,BASSA PIANURA OCCIDENTALE
SAN NAZZARO VAL CAVARGNA,3013207,CO,IM-05,LARIO E PREALPI OCCIDENTALI
BUGLIO IN MONTE,3014010,SO,IM-02,MEDIA-BASSA VALTELLINA
VAREDO,3108045,MB,IM-09,NODO IDRAULICO DI MILANO
GRUMELLO CREMONESE ED UNITI,3019051,CR,IM-13,BASSA PIANURA ORIENTALE
VALBREMBO,3016224,BG,IM-10,PIANURA CENTRALE
SAN GENESIO ED UNITI,3018135,PV,IM-12,BASSA PIANURA OCCIDENTALE
BEDERO VALCUVIA,3012010,VA,IM-04,LAGHI E PREALPI VARESINE
SELVINO,3016197,BG,IM-06,OROBIE BERGAMASCHE
COMERIO,3012055,VA,IM-04,LAGHI E PREALPI VARESINE
FORNOVO SAN GIOVANNI,3016105,BG,IM-10,PIANURA CENTRALE
MONTE CREMASCO,3019058,CR,IM-10,PIANURA CENTRALE
MARCHENO,3017104,BS,IM-08,LAGHI E PREALPI ORIENTALI
CAPONAGO,3108052,MB,IM-09,NODO IDRAULICO DI MILANO
CASTENEDOLO,3017043,BS,IM-11,ALTA PIANURA ORIENTALE
GUSSOLA,3019052,CR,IM-13,BASSA PIANURA ORIENTALE
MILANO,3015146,MI,IM-09,NODO IDRAULICO DI MILANO
VALVESTINO,3017194,BS,IM-08,LAGHI E PREALPI ORIENTALI
PAGNONA,3097063,LC,IM-05,LARIO E PREALPI OCCIDENTALI
MONGUZZO,3013153,CO,IM-09,NODO IDRAULICO DI MILANO
ANGERA,3012003,VA,IM-04,LAGHI E PREALPI VARESINE
OSSONA,3015164,MI,IM-09,NODO IDRAULICO DI MILANO
SEMIANA,3018148,PV,IM-12,BASSA PIANURA OCCIDENTALE
MOLTENO,3097051,LC,IM-09,NODO IDRAULICO DI MILANO
BARDELLO,3012009,VA,IM-04,LAGHI E PREALPI VARESINE
CAVENAGO DI BRIANZA,3108017,MB,IM-09,NODO IDRAULICO DI MILANO
MONTANASO LOMBARDO,3098040,LO,IM-10,PIANURA CENTRALE
CARBONATE,3013045,CO,IM-09,NODO IDRAULICO DI MILANO
RIPALTA CREMASCA,3019081,CR,IM-10,PIANURA CENTRALE
GAMBARA,3017073,BS,IM-11,ALTA PIANURA ORIENTALE
LIVRAGA,3098030,LO,IM-12,BASSA PIANURA OCCIDENTALE
BREGNANO,3013028,CO,IM-09,NODO IDRAULICO DI MILANO
BARNI,3013015,CO,IM-05,LARIO E PREALPI OCCIDENTALI
BAGNOLO CREMASCO,3019005,CR,IM-10,PIANURA CENTRALE
GRAFFIGNANA,3098028,LO,IM-12,BASSA PIANURA OCCIDENTALE
BARBARIGA,3017011,BS,IM-11,ALTA PIANURA ORIENTALE
QUINGENTOLE,3020046,MN,IM-13,BASSA PIANURA ORIENTALE
DONGO,3013090,CO,IM-05,LARIO E PREALPI OCCIDENTALI
TORRE DE` PICENARDI,3019107,CR,IM-11,ALTA PIANURA ORIENTALE
TREMENICO,3097081,LC,IM-05,LARIO E PREALPI OCCIDENTALI
SANTA GIULETTA,3018139,PV,IM-14,APPENNINO PAVESE
ONORE,3016149,BG,IM-08,LAGHI E PREALPI ORIENTALI
GAMBARANA,3018067,PV,IM-12,BASSA PIANURA OCCIDENTALE
CUGGIONO,3015096,MI,IM-09,NODO IDRAULICO DI MILANO
SAREZZO,3017174,BS,IM-08,LAGHI E PREALPI ORIENTALI
CIGOGNOLA,3018049,PV,IM-14,APPENNINO PAVESE
SARTIRANA LOMELLINA,3018146,PV,IM-12,BASSA PIANURA OCCIDENTALE
DUNO,3012066,VA,IM-04,LAGHI E PREALPI VARESINE
CUVIO,3012063,VA,IM-04,LAGHI E PREALPI VARESINE
CISANO BERGAMASCO,3016074,BG,IM-06,OROBIE BERGAMASCHE
MESENZANA,3012102,VA,IM-04,LAGHI E PREALPI VARESINE
OLGIATE COMASCO,3013165,CO,IM-05,LARIO E PREALPI OCCIDENTALI
CISLIANO,3015078,MI,IM-09,NODO IDRAULICO DI MILANO
TALEGGIO,3016210,BG,IM-06,OROBIE BERGAMASCHE
PIOLTELLO,3015175,MI,IM-09,NODO IDRAULICO DI MILANO
ALMENNO SAN BARTOLOMEO,3016006,BG,IM-06,OROBIE BERGAMASCHE
SENAGO,3015206,MI,IM-09,NODO IDRAULICO DI MILANO
PREMANA,3097069,LC,IM-05,LARIO E PREALPI OCCIDENTALI
GRAVEDONA ED UNITI,3013249,CO,IM-05,LARIO E PREALPI OCCIDENTALI
VALDISOTTO,3014072,SO,IM-03,ALTA VALTELLINA
MASATE,3015136,MI,IM-09,NODO IDRAULICO DI MILANO
AZZONE,3016017,BG,IM-07,VALCAMONICA
ISSO,3016122,BG,IM-10,PIANURA CENTRALE
LODI VECCHIO,3098032,LO,IM-12,BASSA PIANURA OCCIDENTALE
CAIRATE,3012029,VA,IM-09,NODO IDRAULICO DI MILANO
BRISSAGO - VALTRAVAGLIA,3012022,VA,IM-04,LAGHI E PREALPI VARESINE
BRIONE,3017030,BS,IM-08,LAGHI E PREALPI ORIENTALI
OLIVETO LARIO,3097060,LC,IM-05,LARIO E PREALPI OCCIDENTALI
RANICA,3016178,BG,IM-06,OROBIE BERGAMASCHE
VILLA DI CHIAVENNA,3014077,SO,IM-01,VALCHIAVENNA
TERRANOVA DEI PASSERINI,3098057,LO,IM-10,PIANURA CENTRALE
CASTELVERDE,3019026,CR,IM-11,ALTA PIANURA ORIENTALE
DESENZANO DEL GARDA,3017067,BS,IM-08,LAGHI E PREALPI ORIENTALI
SUARDI,3018154,PV,IM-12,BASSA PIANURA OCCIDENTALE
BRENO,3017028,BS,IM-07,VALCAMONICA
POZZAGLIO ED UNITI,3019077,CR,IM-11,ALTA PIANURA ORIENTALE
SAMARATE,3012118,VA,IM-09,NODO IDRAULICO DI MILANO
BRUNATE,3013032,CO,IM-05,LARIO E PREALPI OCCIDENTALI
POZZO D`ADDA,3015177,MI,IM-09,NODO IDRAULICO DI MILANO
CIVIDATE AL PIANO,3016076,BG,IM-11,ALTA PIANURA ORIENTALE
LUNGAVILLA,3018084,PV,IM-12,BASSA PIANURA OCCIDENTALE
ORSENIGO,3013170,CO,IM-09,NODO IDRAULICO DI MILANO
PIURO,3014050,SO,IM-01,VALCHIAVENNA
GROSIO,3014033,SO,IM-03,ALTA VALTELLINA
SOTTO IL MONTE GIOVANNI XXIII,3016203,BG,IM-10,PIANURA CENTRALE
BESANA IN BRIANZA,3108008,MB,IM-09,NODO IDRAULICO DI MILANO
SALO`,3017170,BS,IM-08,LAGHI E PREALPI ORIENTALI
CHIURO,3014020,SO,IM-02,MEDIA-BASSA VALTELLINA
BORGO VIRGILIO,3020071,MN,IM-13,BASSA PIANURA ORIENTALE
BIONE,3017019,BS,IM-08,LAGHI E PREALPI ORIENTALI
SETTIMO MILANESE,3015211,MI,IM-09,NODO IDRAULICO DI MILANO
GROSOTTO,3014034,SO,IM-03,ALTA VALTELLINA
RODANO,3015185,MI,IM-09,NODO IDRAULICO DI MILANO
SPINEDA,3019101,CR,IM-13,BASSA PIANURA ORIENTALE
CASATENOVO,3097016,LC,IM-09,NODO IDRAULICO DI MILANO
CASTELVISCONTI,3019027,CR,IM-11,ALTA PIANURA ORIENTALE
ANNONE DI BRIANZA,3097003,LC,IM-05,LARIO E PREALPI OCCIDENTALI
BOLTIERE,3016029,BG,IM-10,PIANURA CENTRALE
CORTE PALASIO,3098024,LO,IM-10,PIANURA CENTRALE
BOFFALORA SOPRA TICINO,3015026,MI,IM-09,NODO IDRAULICO DI MILANO
COLTURANO,3015082,MI,IM-09,NODO IDRAULICO DI MILANO
BOTTANUCO,3016034,BG,IM-10,PIANURA CENTRALE
CASSIGLIO,3016061,BG,IM-06,OROBIE BERGAMASCHE
AMBIVERE,3016009,BG,IM-10,PIANURA CENTRALE
ALFIANELLO,3017004,BS,IM-11,ALTA PIANURA ORIENTALE
MONZA,3108033,MB,IM-09,NODO IDRAULICO DI MILANO
MONTODINE,3019059,CR,IM-10,PIANURA CENTRALE
MOGGIO,3097050,LC,IM-05,LARIO E PREALPI OCCIDENTALI
VIMODRONE,3015242,MI,IM-09,NODO IDRAULICO DI MILANO
BLESSAGNO,3013025,CO,IM-05,LARIO E PREALPI OCCIDENTALI
MALEO,3098035,LO,IM-12,BASSA PIANURA OCCIDENTALE
SCHIGNANO,3013211,CO,IM-05,LARIO E PREALPI OCCIDENTALI
CREMA,3019035,CR,IM-10,PIANURA CENTRALE
VILLA D`ALME`,3016239,BG,IM-06,OROBIE BERGAMASCHE
BREZZO DI BEDERO,3012020,VA,IM-04,LAGHI E PREALPI VARESINE
CORTE DE` FRATI,3019033,CR,IM-11,ALTA PIANURA ORIENTALE
MEDOLE,3020034,MN,IM-11,ALTA PIANURA ORIENTALE
COSTA VALLE IMAGNA,3016085,BG,IM-06,OROBIE BERGAMASCHE
SIZIANO,3018150,PV,IM-12,BASSA PIANURA OCCIDENTALE
CASALMORO,3020010,MN,IM-11,ALTA PIANURA ORIENTALE
ADRO,3017002,BS,IM-08,LAGHI E PREALPI ORIENTALI
PONTE LAMBRO,3013188,CO,IM-05,LARIO E PREALPI OCCIDENTALI
TORRE D`ISOLA,3018159,PV,IM-12,BASSA PIANURA OCCIDENTALE
CESATE,3015076,MI,IM-09,NODO IDRAULICO DI MILANO
CARAVAGGIO,3016053,BG,IM-10,PIANURA CENTRALE
CASIRATE D`ADDA,3016059,BG,IM-10,PIANURA CENTRALE
PAVONE DEL MELLA,3018110,PV,IM-11,ALTA PIANURA ORIENTALE
APRICA,3014004,SO,IM-02,MEDIA-BASSA VALTELLINA
REMEDELLO,3017160,BS,IM-11,ALTA PIANURA ORIENTALE
PIEVE D`OLMI,3019074,CR,IM-13,BASSA PIANURA ORIENTALE
BUSCATE,3015038,MI,IM-09,NODO IDRAULICO DI MILANO
ALME`,3016005,BG,IM-10,PIANURA CENTRALE
CASTEGGIO,3018037,PV,IM-14,APPENNINO PAVESE
CADEGLIANO - VICONAGO,3012027,VA,IM-04,LAGHI E PREALPI VARESINE
CAZZAGO SAN MARTINO,3017046,BS,IM-11,ALTA PIANURA ORIENTALE
BERNATE TICINO,3015019,MI,IM-09,NODO IDRAULICO DI MILANO
PESCAROLO ED UNITI,3019069,CR,IM-11,ALTA PIANURA ORIENTALE
VALGREGHENTINO,3097082,LC,IM-05,LARIO E PREALPI OCCIDENTALI
MAGENTA,3015130,MI,IM-09,NODO IDRAULICO DI MILANO
SOMMO,3018151,PV,IM-12,BASSA PIANURA OCCIDENTALE
COGLIATE,3108020,MB,IM-09,NODO IDRAULICO DI MILANO
MADIGNANO,3019055,CR,IM-10,PIANURA CENTRALE
CAMPIONE D`ITALIA,3013040,CO,IM-05,LARIO E PREALPI OCCIDENTALI
CARATE URIO,3013044,CO,IM-05,LARIO E PREALPI OCCIDENTALI
RIVANAZZANO TERME,3018122,PV,IM-14,APPENNINO PAVESE
SELLERO,3017176,BS,IM-07,VALCAMONICA
BIANDRONNO,3012014,VA,IM-04,LAGHI E PREALPI VARESINE
RUDIANO,3017167,BS,IM-11,ALTA PIANURA ORIENTALE
ARESE,3015009,MI,IM-09,NODO IDRAULICO DI MILANO
BENE LARIO,3013021,CO,IM-05,LARIO E PREALPI OCCIDENTALI
BREME,3018022,PV,IM-12,BASSA PIANURA OCCIDENTALE
CORZANO,3017064,BS,IM-11,ALTA PIANURA ORIENTALE
GENIVOLTA,3019047,CR,IM-11,ALTA PIANURA ORIENTALE
GRANDOLA ED UNITI,3013111,CO,IM-05,LARIO E PREALPI OCCIDENTALI
LUMEZZANE,3017096,BS,IM-08,LAGHI E PREALPI ORIENTALI
TREVIOLO,3016220,BG,IM-10,PIANURA CENTRALE
CAPRIATE SAN GERVASIO,3016051,BG,IM-10,PIANURA CENTRALE
CAVERNAGO,3016066,BG,IM-10,PIANURA CENTRALE
OPERA,3015159,MI,IM-12,BASSA PIANURA OCCIDENTALE
FERRERA DI VARESE,3012069,VA,IM-04,LAGHI E PREALPI VARESINE
RHO,3015182,MI,IM-09,NODO IDRAULICO DI MILANO
COLOGNO MONZESE,3015081,MI,IM-09,NODO IDRAULICO DI MILANO
VAL REZZO,3013233,CO,IM-05,LARIO E PREALPI OCCIDENTALI
GOLASECCA,3012077,VA,IM-04,LAGHI E PREALPI VARESINE
GRANDATE,3013110,CO,IM-05,LARIO E PREALPI OCCIDENTALI
PIEVE ALBIGNOLA,3018112,PV,IM-12,BASSA PIANURA OCCIDENTALE
AVIATICO,3016015,BG,IM-06,OROBIE BERGAMASCHE
SAN PELLEGRINO TERME,3016190,BG,IM-06,OROBIE BERGAMASCHE
ROBECCHETTO CON INDUNO,3015183,MI,IM-09,NODO IDRAULICO DI MILANO
SENNA COMASCO,3013212,CO,IM-09,NODO IDRAULICO DI MILANO
MONTESCANO,3018097,PV,IM-14,APPENNINO PAVESE
CANEVINO,3018028,PV,IM-14,APPENNINO PAVESE
SABBIONETA,3020054,MN,IM-13,BASSA PIANURA ORIENTALE
TORNO,3013223,CO,IM-05,LARIO E PREALPI OCCIDENTALI
CARIMATE,3013046,CO,IM-09,NODO IDRAULICO DI MILANO
LODRINO,3017090,BS,IM-08,LAGHI E PREALPI ORIENTALI
GOMBITO,3019049,CR,IM-10,PIANURA CENTRALE
POGLIANO MILANESE,3015176,MI,IM-09,NODO IDRAULICO DI MILANO
VILLASANTA,3108049,MB,IM-09,NODO IDRAULICO DI MILANO
TRADATE,3012127,VA,IM-09,NODO IDRAULICO DI MILANO
INVERUNO,3015113,MI,IM-09,NODO IDRAULICO DI MILANO
CREDERA RUBBIANO,3019034,CR,IM-10,PIANURA CENTRALE
BATTUDA,3018012,PV,IM-12,BASSA PIANURA OCCIDENTALE
FERNO,3012068,VA,IM-09,NODO IDRAULICO DI MILANO
PERTICA BASSA,3017140,BS,IM-08,LAGHI E PREALPI ORIENTALI
FILIGHERA,3018063,PV,IM-12,BASSA PIANURA OCCIDENTALE
BRANDICO,3017026,BS,IM-11,ALTA PIANURA ORIENTALE
MARCHIROLO,3012097,VA,IM-04,LAGHI E PREALPI VARESINE
AZZIO,3012007,VA,IM-04,LAGHI E PREALPI VARESINE
ADRARA SAN ROCCO,3016002,BG,IM-08,LAGHI E PREALPI ORIENTALI
LAINO,3013120,CO,IM-05,LARIO E PREALPI OCCIDENTALI
LESMO,3108026,MB,IM-09,NODO IDRAULICO DI MILANO
SARNICO,3016193,BG,IM-08,LAGHI E PREALPI ORIENTALI
GAGGIANO,3015103,MI,IM-12,BASSA PIANURA OCCIDENTALE
POGNANO,3016167,BG,IM-10,PIANURA CENTRALE
COLVERDE,3013251,CO,IM-05,LARIO E PREALPI OCCIDENTALI
CADORAGO,3013036,CO,IM-09,NODO IDRAULICO DI MILANO
ABBADIA CERRETO,3098001,LO,IM-10,PIANURA CENTRALE
SANT`ANGELO LODIGIANO,3098050,LO,IM-12,BASSA PIANURA OCCIDENTALE
CORSICO,3015093,MI,IM-12,BASSA PIANURA OCCIDENTALE
SAN GIOVANNI BIANCO,3016188,BG,IM-06,OROBIE BERGAMASCHE
CERRO AL LAMBRO,3015071,MI,IM-12,BASSA PIANURA OCCIDENTALE
SAN GIORGIO SU LEGNANO,3015194,MI,IM-09,NODO IDRAULICO DI MILANO
RONCOFERRARO,3020052,MN,IM-13,BASSA PIANURA ORIENTALE
PONNA,3013187,CO,IM-05,LARIO E PREALPI OCCIDENTALI
LAMBRUGO,3013121,CO,IM-09,NODO IDRAULICO DI MILANO
LOZZA,3012091,VA,IM-09,NODO IDRAULICO DI MILANO
SEGRATE,3015205,MI,IM-09,NODO IDRAULICO DI MILANO
PIEVE EMANUELE,3015173,MI,IM-12,BASSA PIANURA OCCIDENTALE
PAITONE,3017132,BS,IM-08,LAGHI E PREALPI ORIENTALI
PORLEZZA,3013189,CO,IM-05,LARIO E PREALPI OCCIDENTALI
BARLASSINA,3108005,MB,IM-09,NODO IDRAULICO DI MILANO
ZANICA,3016245,BG,IM-10,PIANURA CENTRALE
ASSO,3013013,CO,IM-05,LARIO E PREALPI OCCIDENTALI
CERGNAGO,3018045,PV,IM-12,BASSA PIANURA OCCIDENTALE
BOZZOLO,3020007,MN,IM-13,BASSA PIANURA ORIENTALE
CAPPELLA DE` PICENARDI,3019014,CR,IM-11,ALTA PIANURA ORIENTALE
URGNANO,3016222,BG,IM-10,PIANURA CENTRALE
VARZI,3018171,PV,IM-14,APPENNINO PAVESE
CASARILE,3015055,MI,IM-12,BASSA PIANURA OCCIDENTALE
POZZOLENGO,3017151,BS,IM-08,LAGHI E PREALPI ORIENTALI
LOSINE,3017094,BS,IM-07,VALCAMONICA
BORGO SAN SIRO,3018018,PV,IM-12,BASSA PIANURA OCCIDENTALE
SEDRINA,3016196,BG,IM-06,OROBIE BERGAMASCHE
VISANO,3017203,BS,IM-11,ALTA PIANURA ORIENTALE
ZERBOLO`,3018189,PV,IM-12,BASSA PIANURA OCCIDENTALE
SERLE,3017178,BS,IM-08,LAGHI E PREALPI ORIENTALI
BAGNARIA,3018007,PV,IM-14,APPENNINO PAVESE
MUSSO,3013160,CO,IM-05,LARIO E PREALPI OCCIDENTALI
GAMBOLO`,3018068,PV,IM-12,BASSA PIANURA OCCIDENTALE
PIARIO,3016163,BG,IM-06,OROBIE BERGAMASCHE
CASTELLO CABIAGLIO,3012043,VA,IM-04,LAGHI E PREALPI VARESINE
LEGGIUNO,3012088,VA,IM-04,LAGHI E PREALPI VARESINE
TOSCOLANO MADERNO,3017187,BS,IM-08,LAGHI E PREALPI ORIENTALI
ROSASCO,3018130,PV,IM-12,BASSA PIANURA OCCIDENTALE
CASOREZZO,3015058,MI,IM-09,NODO IDRAULICO DI MILANO
SUEGLIO,3097077,LC,IM-05,LARIO E PREALPI OCCIDENTALI
VALGOGLIO,3016225,BG,IM-06,OROBIE BERGAMASCHE
PUSIANO,3013193,CO,IM-05,LARIO E PREALPI OCCIDENTALI
POLPENAZZE DEL GARDA,3017145,BS,IM-08,LAGHI E PREALPI ORIENTALI
CORREZZANA,3108022,MB,IM-09,NODO IDRAULICO DI MILANO
MAIRANO,3017099,BS,IM-11,ALTA PIANURA ORIENTALE
INVERNO E MONTELEONE,3018077,PV,IM-12,BASSA PIANURA OCCIDENTALE
ORNAGO,3108036,MB,IM-09,NODO IDRAULICO DI MILANO
VEROLANUOVA,3017195,BS,IM-11,ALTA PIANURA ORIENTALE
BASIGLIO,3015015,MI,IM-12,BASSA PIANURA OCCIDENTALE
DOSSO DEL LIRO,3013092,CO,IM-05,LARIO E PREALPI OCCIDENTALI
JERAGO CON ORAGO,3012085,VA,IM-09,NODO IDRAULICO DI MILANO
MACLODIO,3017097,BS,IM-11,ALTA PIANURA ORIENTALE
BONATE SOTTO,3016031,BG,IM-10,PIANURA CENTRALE
SPESSA,3018152,PV,IM-12,BASSA PIANURA OCCIDENTALE
BLELLO,3016027,BG,IM-06,OROBIE BERGAMASCHE
BRANZI,3016036,BG,IM-06,OROBIE BERGAMASCHE
ALBINO,3016004,BG,IM-06,OROBIE BERGAMASCHE
ALTA VALLE INTELVI,3013253,CO,IM-05,LARIO E PREALPI OCCIDENTALI
BAGNOLO MELLA,3017009,BS,IM-11,ALTA PIANURA ORIENTALE
VOGHERA,3018182,PV,IM-12,BASSA PIANURA OCCIDENTALE
MANDELLO DEL LARIO,3097046,LC,IM-05,LARIO E PREALPI OCCIDENTALI
VILLA DI SERIO,3016240,BG,IM-06,OROBIE BERGAMASCHE
ORNICA,3016151,BG,IM-06,OROBIE BERGAMASCHE
COSTA DI SERINA,3016247,BG,IM-06,OROBIE BERGAMASCHE
CASTANO PRIMO,3015062,MI,IM-09,NODO IDRAULICO DI MILANO
CODEVILLA,3018051,PV,IM-14,APPENNINO PAVESE
DEROVERE,3019040,CR,IM-13,BASSA PIANURA ORIENTALE
ZELO BUON PERSICO,3098061,LO,IM-10,PIANURA CENTRALE
CASTELCOVATI,3017041,BS,IM-11,ALTA PIANURA ORIENTALE
SPINONE AL LAGO,3016205,BG,IM-08,LAGHI E PREALPI ORIENTALI
SUZZARA,3020065,MN,IM-13,BASSA PIANURA ORIENTALE
ANGOLO TERME,3017006,BS,IM-07,VALCAMONICA
OSSAGO LODIGIANO,3098044,LO,IM-10,PIANURA CENTRALE
SAN PAOLO D`ARGON,3016189,BG,IM-10,PIANURA CENTRALE
OSTIGLIA,3020038,MN,IM-13,BASSA PIANURA ORIENTALE
TREZZANO ROSA,3015219,MI,IM-09,NODO IDRAULICO DI MILANO
BELLUSCO,3108006,MB,IM-09,NODO IDRAULICO DI MILANO
SAVIORE DELL`ADAMELLO,3017175,BS,IM-07,VALCAMONICA
CREMENO,3097029,LC,IM-05,LARIO E PREALPI OCCIDENTALI
BOTTICINO,3017023,BS,IM-08,LAGHI E PREALPI ORIENTALI
PRESEGLIE,3017153,BS,IM-08,LAGHI E PREALPI ORIENTALI
DUMENZA,3012065,VA,IM-04,LAGHI E PREALPI VARESINE
MONTORFANO,3013157,CO,IM-05,LARIO E PREALPI OCCIDENTALI
NUVOLENTO,3017119,BS,IM-11,ALTA PIANURA ORIENTALE
CORNA IMAGNA,3016082,BG,IM-06,OROBIE BERGAMASCHE
RIVAROLO DEL RE ED UNITI,3019083,CR,IM-13,BASSA PIANURA ORIENTALE
PONTE DI LEGNO,3017148,BS,IM-07,VALCAMONICA
CAZZANO SANT`ANDREA,3016067,BG,IM-06,OROBIE BERGAMASCHE
INTROZZO,3097041,LC,IM-05,LARIO E PREALPI OCCIDENTALI
PRESEZZO,3016176,BG,IM-10,PIANURA CENTRALE
FOMBIO,3098026,LO,IM-12,BASSA PIANURA OCCIDENTALE
CREMIA,3013083,CO,IM-05,LARIO E PREALPI OCCIDENTALI
COLLEBEATO,3017057,BS,IM-08,LAGHI E PREALPI ORIENTALI
BESANO,3012011,VA,IM-04,LAGHI E PREALPI VARESINE
BREGANO,3012018,VA,IM-04,LAGHI E PREALPI VARESINE
GADESCO PIEVE DELMONA,3019046,CR,IM-11,ALTA PIANURA ORIENTALE
CAGNO,3013038,CO,IM-05,LARIO E PREALPI OCCIDENTALI
BELLAGIO,3013250,CO,IM-05,LARIO E PREALPI OCCIDENTALI
COMUN NUOVO,3016081,BG,IM-10,PIANURA CENTRALE
BOLLATE,3015027,MI,IM-09,NODO IDRAULICO DI MILANO
GABBIONETA BINANUOVA,3019045,CR,IM-11,ALTA PIANURA ORIENTALE
GARDONE VALTROMPIA,3017075,BS,IM-08,LAGHI E PREALPI ORIENTALI
LIPOMO,3013129,CO,IM-05,LARIO E PREALPI OCCIDENTALI
OZZERO,3015165,MI,IM-12,BASSA PIANURA OCCIDENTALE
SOSPIRO,3019099,CR,IM-13,BASSA PIANURA ORIENTALE
PEZZAZE,3017141,BS,IM-08,LAGHI E PREALPI ORIENTALI
SOIANO DEL LAGO,3017180,BS,IM-08,LAGHI E PREALPI ORIENTALI
COSTA VOLPINO,3016086,BG,IM-08,LAGHI E PREALPI ORIENTALI
BEMA,3014006,SO,IM-02,MEDIA-BASSA VALTELLINA
PASPARDO,3017135,BS,IM-07,VALCAMONICA
CECIMA,3018042,PV,IM-14,APPENNINO PAVESE
MENAGGIO,3013145,CO,IM-05,LARIO E PREALPI OCCIDENTALI
POMPIANO,3017146,BS,IM-11,ALTA PIANURA ORIENTALE
ROVESCALA,3018131,PV,IM-14,APPENNINO PAVESE
COMMESSAGGIO,3020020,MN,IM-13,BASSA PIANURA ORIENTALE
CITTIGLIO,3012051,VA,IM-04,LAGHI E PREALPI VARESINE
CADREZZATE,3012028,VA,IM-04,LAGHI E PREALPI VARESINE
PESCHIERA BORROMEO,3015171,MI,IM-09,NODO IDRAULICO DI MILANO
MERONE,3013147,CO,IM-09,NODO IDRAULICO DI MILANO
MAGHERNO,3018085,PV,IM-12,BASSA PIANURA OCCIDENTALE
FONTANELLA,3016101,BG,IM-10,PIANURA CENTRALE
OGGIONA CON SANTO STEFANO,3012107,VA,IM-09,NODO IDRAULICO DI MILANO
BRACCA,3016035,BG,IM-06,OROBIE BERGAMASCHE
VALBONDIONE,3016223,BG,IM-06,OROBIE BERGAMASCHE
FARA OLIVANA CON SOLA,3016097,BG,IM-10,PIANURA CENTRALE
PAGAZZANO,3016154,BG,IM-10,PIANURA CENTRALE
PONCARALE,3017147,BS,IM-11,ALTA PIANURA ORIENTALE
CONCOREZZO,3108021,MB,IM-09,NODO IDRAULICO DI MILANO
ALBIZZATE,3012002,VA,IM-09,NODO IDRAULICO DI MILANO
SEREGNO,3108039,MB,IM-09,NODO IDRAULICO DI MILANO
RANCO,3012116,VA,IM-04,LAGHI E PREALPI VARESINE
VERDELLO,3016233,BG,IM-10,PIANURA CENTRALE
CORNOVECCHIO,3098023,LO,IM-12,BASSA PIANURA OCCIDENTALE
BIASSONO,3108009,MB,IM-09,NODO IDRAULICO DI MILANO
MEZZANA RABATTONE,3018091,PV,IM-12,BASSA PIANURA OCCIDENTALE
CORMANO,3015086,MI,IM-09,NODO IDRAULICO DI MILANO
COSTA DE` NOBILI,3018058,PV,IM-12,BASSA PIANURA OCCIDENTALE
GAZZANIGA,3016111,BG,IM-06,OROBIE BERGAMASCHE
BARBATA,3016019,BG,IM-10,PIANURA CENTRALE
ASOLA,3020002,MN,IM-11,ALTA PIANURA ORIENTALE
MONTICHIARI,3017113,BS,IM-11,ALTA PIANURA ORIENTALE
MEZZAGO,3108031,MB,IM-09,NODO IDRAULICO DI MILANO
GORDONA,3014032,SO,IM-01,VALCHIAVENNA
ISOLA DOVARESE,3019053,CR,IM-11,ALTA PIANURA ORIENTALE
ORIGGIO,3012109,VA,IM-09,NODO IDRAULICO DI MILANO
OLGINATE,3097059,LC,IM-05,LARIO E PREALPI OCCIDENTALI
DORNO,3018061,PV,IM-12,BASSA PIANURA OCCIDENTALE
CERVIGNANO D`ADDA,3098018,LO,IM-10,PIANURA CENTRALE
SAN MARTINO IN STRADA,3098048,LO,IM-10,PIANURA CENTRALE
LAVENA PONTE TRESA,3012086,VA,IM-04,LAGHI E PREALPI VARESINE
VESCOVATO,3019113,CR,IM-11,ALTA PIANURA ORIENTALE
APPIANO GENTILE,3013010,CO,IM-09,NODO IDRAULICO DI MILANO
GERENZAGO,3018071,PV,IM-12,BASSA PIANURA OCCIDENTALE
GAVARDO,3017077,BS,IM-08,LAGHI E PREALPI ORIENTALI
SUMIRAGO,3012124,VA,IM-09,NODO IDRAULICO DI MILANO
CASTIONE DELLA PRESOLANA,3016064,BG,IM-08,LAGHI E PREALPI ORIENTALI
REVERE,3020049,MN,IM-13,BASSA PIANURA ORIENTALE
PONTIROLO NUOVO,3016172,BG,IM-10,PIANURA CENTRALE
BESATE,3015022,MI,IM-12,BASSA PIANURA OCCIDENTALE
COLONNO,3013074,CO,IM-05,LARIO E PREALPI OCCIDENTALI
CALVAGESE DELLA RIVIERA,3017033,BS,IM-11,ALTA PIANURA ORIENTALE
SESTO ED UNITI,3019095,CR,IM-13,BASSA PIANURA ORIENTALE
LACCHIARELLA,3015115,MI,IM-12,BASSA PIANURA OCCIDENTALE
PIANICO,3016162,BG,IM-08,LAGHI E PREALPI ORIENTALI
VIGANO SAN MARTINO,3016236,BG,IM-08,LAGHI E PREALPI ORIENTALI
MANTELLO,3014039,SO,IM-02,MEDIA-BASSA VALTELLINA
BERZO DEMO,3017016,BS,IM-07,VALCAMONICA
VERTEMATE CON MINOPRIO,3013242,CO,IM-09,NODO IDRAULICO DI MILANO
PIETRA DE` GIORGI,3018111,PV,IM-14,APPENNINO PAVESE
LOVERO,3014038,SO,IM-03,ALTA VALTELLINA
LIRIO,3018082,PV,IM-14,APPENNINO PAVESE
GORNO,3016116,BG,IM-06,OROBIE BERGAMASCHE
TORRE DE` ROVERI,3016216,BG,IM-10,PIANURA CENTRALE
PARATICO,3017134,BS,IM-08,LAGHI E PREALPI ORIENTALI
LANGOSCO,3018079,PV,IM-12,BASSA PIANURA OCCIDENTALE
GARLASCO,3018069,PV,IM-12,BASSA PIANURA OCCIDENTALE
PADERNO D`ADDA,3097062,LC,IM-10,PIANURA CENTRALE
FAGNANO OLONA,3012067,VA,IM-09,NODO IDRAULICO DI MILANO
ALBESE CON CASSANO,3013004,CO,IM-05,LARIO E PREALPI OCCIDENTALI
CARATE BRIANZA,3108015,MB,IM-09,NODO IDRAULICO DI MILANO
CENATE SOPRA,3016068,BG,IM-08,LAGHI E PREALPI ORIENTALI
SAN GIORGIO DI LOMELLINA,3018136,PV,IM-12,BASSA PIANURA OCCIDENTALE
DOSOLO,3020022,MN,IM-13,BASSA PIANURA ORIENTALE
COLLIO,3017058,BS,IM-08,LAGHI E PREALPI ORIENTALI
ROVELLO PORRO,3013202,CO,IM-09,NODO IDRAULICO DI MILANO
VALFURVA,3014073,SO,IM-03,ALTA VALTELLINA
BOSISIO PARINI,3097009,LC,IM-05,LARIO E PREALPI OCCIDENTALI
MESERO,3015144,MI,IM-09,NODO IDRAULICO DI MILANO
PIAN CAMUNO,3017142,BS,IM-07,VALCAMONICA
LENTATE SUL SEVESO,3108054,MB,IM-09,NODO IDRAULICO DI MILANO
VILLACHIARA,3017200,BS,IM-11,ALTA PIANURA ORIENTALE
CASSANO D`ADDA,3015059,MI,IM-10,PIANURA CENTRALE
ISOLA DI FONDRA,3016121,BG,IM-06,OROBIE BERGAMASCHE
MARZIO,3012099,VA,IM-04,LAGHI E PREALPI VARESINE
DOMASO,3013089,CO,IM-05,LARIO E PREALPI OCCIDENTALI
SERIATE,3016198,BG,IM-10,PIANURA CENTRALE
SOLFERINO,3020063,MN,IM-11,ALTA PIANURA ORIENTALE
SAN MARTINO SICCOMARIO,3018137,PV,IM-12,BASSA PIANURA OCCIDENTALE
SANNAZZARO DE` BURGONDI,3018138,PV,IM-12,BASSA PIANURA OCCIDENTALE
CARENNO,3097014,LC,IM-05,LARIO E PREALPI OCCIDENTALI
SCANZOROSCIATE,3016194,BG,IM-06,OROBIE BERGAMASCHE
CAMISANO,3019010,CR,IM-10,PIANURA CENTRALE
CESANA BRIANZA,3097021,LC,IM-05,LARIO E PREALPI OCCIDENTALI
LIVO,3013130,CO,IM-05,LARIO E PREALPI OCCIDENTALI
CALOLZIOCORTE,3097013,LC,IM-05,LARIO E PREALPI OCCIDENTALI
SAN PAOLO,3017138,BS,IM-11,ALTA PIANURA ORIENTALE
TRENZANO,3017190,BS,IM-11,ALTA PIANURA ORIENTALE
GORLA MAGGIORE,3012078,VA,IM-09,NODO IDRAULICO DI MILANO
SAN VITTORE OLONA,3015201,MI,IM-09,NODO IDRAULICO DI MILANO
SONDALO,3014060,SO,IM-03,ALTA VALTELLINA
ZAVATTARELLO,3018184,PV,IM-14,APPENNINO PAVESE
PESSANO CON BORNAGO,3015172,MI,IM-09,NODO IDRAULICO DI MILANO
VALLIO TERME,3017193,BS,IM-08,LAGHI E PREALPI ORIENTALI
MACCASTORNA,3098033,LO,IM-12,BASSA PIANURA OCCIDENTALE
ALBIATE,3108003,MB,IM-09,NODO IDRAULICO DI MILANO
SALVIROLA,3019087,CR,IM-10,PIANURA CENTRALE
BURAGO DI MOLGORA,3108013,MB,IM-09,NODO IDRAULICO DI MILANO
FOPPOLO,3016103,BG,IM-06,OROBIE BERGAMASCHE
MORBEGNO,3014045,SO,IM-02,MEDIA-BASSA VALTELLINA
CHIGNOLO D`ISOLA,3016072,BG,IM-10,PIANURA CENTRALE
VEDUGGIO CON COLZANO,3108047,MB,IM-09,NODO IDRAULICO DI MILANO
CARVICO,3016057,BG,IM-06,OROBIE BERGAMASCHE
VALLEVE,3016226,BG,IM-06,OROBIE BERGAMASCHE
CAMAIRAGO,3098007,LO,IM-10,PIANURA CENTRALE
CARPENEDOLO,3017039,BS,IM-11,ALTA PIANURA ORIENTALE
OLMENETA,3019063,CR,IM-11,ALTA PIANURA ORIENTALE
CAINO,3017031,BS,IM-08,LAGHI E PREALPI ORIENTALI
OLTRONA DI SAN MAMETTE,3013169,CO,IM-09,NODO IDRAULICO DI MILANO
CASALE CREMASCO - VIDOLASCO,3019017,CR,IM-10,PIANURA CENTRALE
VIADANICA,3016235,BG,IM-08,LAGHI E PREALPI ORIENTALI
MAPELLO,3016132,BG,IM-10,PIANURA CENTRALE
CANZO,3013042,CO,IM-05,LARIO E PREALPI OCCIDENTALI
DERVIO,3097030,LC,IM-05,LARIO E PREALPI OCCIDENTALI
FIORANO AL SERIO,3016100,BG,IM-06,OROBIE BERGAMASCHE
ROVELLASCA,3013201,CO,IM-09,NODO IDRAULICO DI MILANO
TORNATA,3019106,CR,IM-13,BASSA PIANURA ORIENTALE
CLAINO CON OSTENO,3013071,CO,IM-05,LARIO E PREALPI OCCIDENTALI
COLOGNE,3017059,BS,IM-11,ALTA PIANURA ORIENTALE
ARGEGNO,3013011,CO,IM-05,LARIO E PREALPI OCCIDENTALI
CARBONARA AL TICINO,3018030,PV,IM-12,BASSA PIANURA OCCIDENTALE
TERNO D`ISOLA,3016213,BG,IM-10,PIANURA CENTRALE
SAN DONATO MILANESE,3015192,MI,IM-09,NODO IDRAULICO DI MILANO
DELLO,3017066,BS,IM-11,ALTA PIANURA ORIENTALE
CERRO MAGGIORE,3015072,MI,IM-09,NODO IDRAULICO DI MILANO
BORGO PRIOLO,3018016,PV,IM-14,APPENNINO PAVESE
ARENA PO,3018005,PV,IM-12,BASSA PIANURA OCCIDENTALE
SAN CIPRIANO PO,3018133,PV,IM-12,BASSA PIANURA OCCIDENTALE
MONTALTO PAVESE,3018094,PV,IM-14,APPENNINO PAVESE
AICURZIO,3108002,MB,IM-09,NODO IDRAULICO DI MILANO
GUIDIZZOLO,3020028,MN,IM-11,ALTA PIANURA ORIENTALE
PAISCO LOVENO,3017131,BS,IM-07,VALCAMONICA
VOLONGO,3019114,CR,IM-11,ALTA PIANURA ORIENTALE
BRONI,3018024,PV,IM-14,APPENNINO PAVESE
BORGO SAN GIACOMO,3017020,BS,IM-11,ALTA PIANURA ORIENTALE
DESIO,3108023,MB,IM-09,NODO IDRAULICO DI MILANO
GALLARATE,3012070,VA,IM-09,NODO IDRAULICO DI MILANO
TREVIGLIO,3016219,BG,IM-10,PIANURA CENTRALE
CASTEL ROZZONE,3016063,BG,IM-10,PIANURA CENTRALE
ACQUAFREDDA,3017001,BS,IM-11,ALTA PIANURA ORIENTALE
VESTONE,3017197,BS,IM-08,LAGHI E PREALPI ORIENTALI
CASSANO VALCUVIA,3012041,VA,IM-04,LAGHI E PREALPI VARESINE
CORANA,3018054,PV,IM-12,BASSA PIANURA OCCIDENTALE
TORRICELLA VERZATE,3018161,PV,IM-14,APPENNINO PAVESE
CASTELLI CALEPIO,3016062,BG,IM-08,LAGHI E PREALPI ORIENTALI
PIATEDA,3014049,SO,IM-02,MEDIA-BASSA VALTELLINA
CANNETO PAVESE,3018029,PV,IM-14,APPENNINO PAVESE
SOLTO COLLINA,3016200,BG,IM-08,LAGHI E PREALPI ORIENTALI
USMATE VELATE,3108044,MB,IM-09,NODO IDRAULICO DI MILANO
BRINZIO,3012021,VA,IM-04,LAGHI E PREALPI VARESINE
ALBAREDO PER SAN MARCO,3014001,SO,IM-02,MEDIA-BASSA VALTELLINA
COCQUIO - TREVISAGO,3012053,VA,IM-04,LAGHI E PREALPI VARESINE
SAN GIACOMO FILIPPO,3014058,SO,IM-01,VALCHIAVENNA
SEVESO,3108040,MB,IM-09,NODO IDRAULICO DI MILANO
TORREVECCHIA PIA,3018160,PV,IM-12,BASSA PIANURA OCCIDENTALE
PALADINA,3016155,BG,IM-10,PIANURA CENTRALE
CERETE,3016071,BG,IM-08,LAGHI E PREALPI ORIENTALI
PIZZALE,3018116,PV,IM-12,BASSA PIANURA OCCIDENTALE
MONTU` BECCARIA,3018100,PV,IM-14,APPENNINO PAVESE
PORTO MANTOVANO,3020045,MN,IM-11,ALTA PIANURA ORIENTALE
PORTALBERA,3018118,PV,IM-12,BASSA PIANURA OCCIDENTALE
OLGIATE MOLGORA,3097058,LC,IM-05,LARIO E PREALPI OCCIDENTALI
TAVAZZANO CON VILLAVESCO,3098056,LO,IM-12,BASSA PIANURA OCCIDENTALE
POSTALESIO,3014053,SO,IM-02,MEDIA-BASSA VALTELLINA
LONATE POZZOLO,3012090,VA,IM-09,NODO IDRAULICO DI MILANO
INTROBIO,3097040,LC,IM-05,LARIO E PREALPI OCCIDENTALI
COLICO,3097023,LC,IM-05,LARIO E PREALPI OCCIDENTALI
CASEI GEROLA,3018033,PV,IM-12,BASSA PIANURA OCCIDENTALE
RODERO,3013197,CO,IM-05,LARIO E PREALPI OCCIDENTALI
PALAZZOLO SULL`OGLIO,3017133,BS,IM-11,ALTA PIANURA ORIENTALE
INVERIGO,3013118,CO,IM-09,NODO IDRAULICO DI MILANO
INCUDINE,3017083,BS,IM-07,VALCAMONICA
LAVENO - MOMBELLO,3012087,VA,IM-04,LAGHI E PREALPI VARESINE
PIEVE DEL CAIRO,3018113,PV,IM-12,BASSA PIANURA OCCIDENTALE
VEZZA D`OGLIO,3017198,BS,IM-07,VALCAMONICA
FIGINO SERENZA,3013101,CO,IM-09,NODO IDRAULICO DI MILANO
MARUDO,3098036,LO,IM-12,BASSA PIANURA OCCIDENTALE
CARNATE,3108016,MB,IM-09,NODO IDRAULICO DI MILANO
LOZIO,3017095,BS,IM-07,VALCAMONICA
MAZZO DI VALTELLINA,3014040,SO,IM-03,ALTA VALTELLINA
POZZUOLO MARTESANA,3015178,MI,IM-09,NODO IDRAULICO DI MILANO
ALZANO LOMBARDO,3016008,BG,IM-06,OROBIE BERGAMASCHE
LAVENONE,3017087,BS,IM-08,LAGHI E PREALPI ORIENTALI
CANTELLO,3012030,VA,IM-04,LAGHI E PREALPI VARESINE
UBIALE CLANEZZO,3016221,BG,IM-06,OROBIE BERGAMASCHE
FAGGETO LARIO,3013098,CO,IM-05,LARIO E PREALPI OCCIDENTALI
CASTELNUOVO BOCCA D`ADDA,3098013,LO,IM-12,BASSA PIANURA OCCIDENTALE
CASSOLNOVO,3018035,PV,IM-12,BASSA PIANURA OCCIDENTALE
BONATE SOPRA,3016030,BG,IM-10,PIANURA CENTRALE
CANEGRATE,3015046,MI,IM-09,NODO IDRAULICO DI MILANO
GRONTARDO,3019050,CR,IM-11,ALTA PIANURA ORIENTALE
CREMENAGA,3012056,VA,IM-04,LAGHI E PREALPI VARESINE
SANTO STEFANO TICINO,3098051,LO,IM-09,NODO IDRAULICO DI MILANO
VALEGGIO,3018167,PV,IM-12,BASSA PIANURA OCCIDENTALE
PONTE NOSSA,3016168,BG,IM-06,OROBIE BERGAMASCHE
BIENNO,3017018,BS,IM-07,VALCAMONICA
MADONE,3016131,BG,IM-10,PIANURA CENTRALE
CISERANO,3016075,BG,IM-10,PIANURA CENTRALE
INARZO,3012082,VA,IM-04,LAGHI E PREALPI VARESINE
AZZANO SAN PAOLO,3016016,BG,IM-10,PIANURA CENTRALE
CASTREZZATO,3017045,BS,IM-11,ALTA PIANURA ORIENTALE
SORICO,3013216,CO,IM-05,LARIO E PREALPI OCCIDENTALI
MELZO,3015142,MI,IM-09,NODO IDRAULICO DI MILANO
MADESIMO,3014035,SO,IM-01,VALCHIAVENNA
VALMADRERA,3097083,LC,IM-05,LARIO E PREALPI OCCIDENTALI
BASTIDA PANCARANA,3018011,PV,IM-12,BASSA PIANURA OCCIDENTALE
MARONE,3017106,BS,IM-08,LAGHI E PREALPI ORIENTALI
VEDANO OLONA,3012134,VA,IM-09,NODO IDRAULICO DI MILANO
SORDIO,3098055,LO,IM-12,BASSA PIANURA OCCIDENTALE
MERCALLO,3012101,VA,IM-04,LAGHI E PREALPI VARESINE
CASALROMANO,3020012,MN,IM-11,ALTA PIANURA ORIENTALE
BOVEGNO,3017024,BS,IM-08,LAGHI E PREALPI ORIENTALI
PONTERANICA,3016169,BG,IM-06,OROBIE BERGAMASCHE
MOGLIA,3020035,MN,IM-13,BASSA PIANURA ORIENTALE
ROCCA SUSELLA,3018126,PV,IM-14,APPENNINO PAVESE
CANNETO SULL`OGLIO,3020008,MN,IM-11,ALTA PIANURA ORIENTALE
ANZANO DEL PARCO,3013009,CO,IM-09,NODO IDRAULICO DI MILANO
CASSINA DE PECCHI,3015060,MI,IM-09,NODO IDRAULICO DI MILANO
CREMELLA,3097028,LC,IM-09,NODO IDRAULICO DI MILANO
OFFANENGO,3019062,CR,IM-10,PIANURA CENTRALE
CAMPODOLCINO,3014012,SO,IM-01,VALCHIAVENNA
SAN ROCCO AL PORTO,3098049,LO,IM-12,BASSA PIANURA OCCIDENTALE
CORVINO SAN QUIRICO,3018057,PV,IM-14,APPENNINO PAVESE
CASTELVECCANA,3012045,VA,IM-04,LAGHI E PREALPI VARESINE
BERBENNO DI VALTELLINA,3014007,SO,IM-02,MEDIA-BASSA VALTELLINA
PIERANICA,3019073,CR,IM-10,PIANURA CENTRALE
RODENGO - SAIANO,3017163,BS,IM-08,LAGHI E PREALPI ORIENTALI
PRADALUNGA,3016173,BG,IM-06,OROBIE BERGAMASCHE
GORLA MINORE,3012079,VA,IM-09,NODO IDRAULICO DI MILANO
GAVIRATE,3012072,VA,IM-04,LAGHI E PREALPI VARESINE
MENCONICO,3018089,PV,IM-14,APPENNINO PAVESE
ROCCA DE` GIORGI,3018125,PV,IM-14,APPENNINO PAVESE
CARPIANO,3015050,MI,IM-12,BASSA PIANURA OCCIDENTALE
VELESO,3013236,CO,IM-05,LARIO E PREALPI OCCIDENTALI
POMPONESCO,3020043,MN,IM-13,BASSA PIANURA ORIENTALE
ROBECCO D`OGLIO,3019085,CR,IM-11,ALTA PIANURA ORIENTALE
ANFO,3017005,BS,IM-08,LAGHI E PREALPI ORIENTALI
SIRMIONE,3017179,BS,IM-08,LAGHI E PREALPI ORIENTALI
VERMEZZO,3015235,MI,IM-12,BASSA PIANURA OCCIDENTALE
SANT`ALESSIO CON VIALONE,3018141,PV,IM-12,BASSA PIANURA OCCIDENTALE
MARIANO COMENSE,3013143,CO,IM-09,NODO IDRAULICO DI MILANO
SAN MARTINO DALL`ARGINE,3020059,MN,IM-13,BASSA PIANURA ORIENTALE
GONZAGA,3020027,MN,IM-13,BASSA PIANURA ORIENTALE
CORTENOVA,3097025,LC,IM-05,LARIO E PREALPI OCCIDENTALI
CEVO,3017051,BS,IM-07,VALCAMONICA
CORNATE D`ADDA,3108053,MB,IM-10,PIANURA CENTRALE
MALONNO,3017101,BS,IM-07,VALCAMONICA
TRUCCAZZANO,3015224,MI,IM-10,PIANURA CENTRALE
CASTELNUOVO BOZZENTE,3013059,CO,IM-09,NODO IDRAULICO DI MILANO
CASALETTO CEREDANO,3019018,CR,IM-10,PIANURA CENTRALE
ONETA,3016148,BG,IM-06,OROBIE BERGAMASCHE
RIVOLTA D`ADDA,3019084,CR,IM-10,PIANURA CENTRALE
GIANICO,3017079,BS,IM-07,VALCAMONICA
TRIUGGIO,3108043,MB,IM-09,NODO IDRAULICO DI MILANO
PADERNO PONCHIELLI,3019065,CR,IM-11,ALTA PIANURA ORIENTALE
VAL BREMBILLA,3016253,BG,IM-06,OROBIE BERGAMASCHE
BERNAREGGIO,3108007,MB,IM-09,NODO IDRAULICO DI MILANO
SECUGNAGO,3098052,LO,IM-10,PIANURA CENTRALE
CASTELLEONE,3019025,CR,IM-10,PIANURA CENTRALE
CASTEL D`ARIO,3020014,MN,IM-11,ALTA PIANURA ORIENTALE
CAPRINO BERGAMASCO,3016052,BG,IM-06,OROBIE BERGAMASCHE
BORGORATTO MORMOROLO,3018017,PV,IM-14,APPENNINO PAVESE
LOGRATO,3017091,BS,IM-11,ALTA PIANURA ORIENTALE
SORISOLE,3016202,BG,IM-06,OROBIE BERGAMASCHE
GANDOSSO,3016109,BG,IM-08,LAGHI E PREALPI ORIENTALI
CICOGNOLO,3019030,CR,IM-11,ALTA PIANURA ORIENTALE
SAN SIRO,3013248,CO,IM-05,LARIO E PREALPI OCCIDENTALI
CAPRIANO DEL COLLE,3017037,BS,IM-11,ALTA PIANURA ORIENTALE
CASALETTO LODIGIANO,3098008,LO,IM-12,BASSA PIANURA OCCIDENTALE
PREGNANA MILANESE,3015179,MI,IM-09,NODO IDRAULICO DI MILANO
BEDULITA,3016022,BG,IM-06,OROBIE BERGAMASCHE
STEZZANO,3016207,BG,IM-10,PIANURA CENTRALE
LEGNANO,3015118,MI,IM-09,NODO IDRAULICO DI MILANO
BRUMANO,3016041,BG,IM-06,OROBIE BERGAMASCHE
SAN GIOVANNI IN CROCE,3019090,CR,IM-13,BASSA PIANURA ORIENTALE
MERATE,3097048,LC,IM-05,LARIO E PREALPI OCCIDENTALI
BERZO INFERIORE,3017017,BS,IM-07,VALCAMONICA
CARLAZZO,3013047,CO,IM-05,LARIO E PREALPI OCCIDENTALI
BRESCIA,3017029,BS,IM-11,ALTA PIANURA ORIENTALE
VOLTIDO,3019115,CR,IM-13,BASSA PIANURA ORIENTALE
VERRUA PO,3018175,PV,IM-12,BASSA PIANURA OCCIDENTALE
GOLFERENZO,3018074,PV,IM-14,APPENNINO PAVESE
CAPOVALLE,3017036,BS,IM-08,LAGHI E PREALPI ORIENTALI
ARDENNO,3014005,SO,IM-02,MEDIA-BASSA VALTELLINA
ZERBO,3018188,PV,IM-12,BASSA PIANURA OCCIDENTALE
NEMBRO,3016144,BG,IM-06,OROBIE BERGAMASCHE
ALBAVILLA,3013003,CO,IM-05,LARIO E PREALPI OCCIDENTALI
CORBETTA,3015085,MI,IM-09,NODO IDRAULICO DI MILANO
ZENEVREDO,3018187,PV,IM-14,APPENNINO PAVESE
CASTELSEPRIO,3012044,VA,IM-09,NODO IDRAULICO DI MILANO
CINO,3014021,SO,IM-02,MEDIA-BASSA VALTELLINA
GRANTOLA,3012081,VA,IM-04,LAGHI E PREALPI VARESINE
BRIENNO,3013030,CO,IM-05,LARIO E PREALPI OCCIDENTALI
MUSCOLINE,3017116,BS,IM-08,LAGHI E PREALPI ORIENTALI
REDONDESCO,3020048,MN,IM-11,ALTA PIANURA ORIENTALE
GERMIGNAGA,3012076,VA,IM-04,LAGHI E PREALPI VARESINE
VIONE,3017202,BS,IM-07,VALCAMONICA
SANTA MARIA DELLA VERSA,3018142,PV,IM-14,APPENNINO PAVESE
PEIA,3020039,MN,IM-06,OROBIE BERGAMASCHE
CUMIGNANO SUL NAVIGLIO,3019039,CR,IM-11,ALTA PIANURA ORIENTALE
ADRARA SAN MARTINO,3016001,BG,IM-08,LAGHI E PREALPI ORIENTALI
CALVENZANO,3016047,BG,IM-10,PIANURA CENTRALE
OME,3017123,BS,IM-08,LAGHI E PREALPI ORIENTALI
CINISELLO BALSAMO,3015077,MI,IM-09,NODO IDRAULICO DI MILANO
POGGIO RUSCO,3020042,MN,IM-13,BASSA PIANURA ORIENTALE
MARMIROLO,3020033,MN,IM-11,ALTA PIANURA ORIENTALE
CORNO GIOVINE,3098022,LO,IM-12,BASSA PIANURA OCCIDENTALE
NOVEDRATE,3013163,CO,IM-09,NODO IDRAULICO DI MILANO
STAGNO LOMBARDO,3019103,CR,IM-13,BASSA PIANURA ORIENTALE
VENEGONO SUPERIORE,3012137,VA,IM-09,NODO IDRAULICO DI MILANO
CARDANO AL CAMPO,3012032,VA,IM-09,NODO IDRAULICO DI MILANO
ROBECCO SUL NAVIGLIO,3015184,MI,IM-09,NODO IDRAULICO DI MILANO
QUINZANO D`OGLIO,3017159,BS,IM-11,ALTA PIANURA ORIENTALE
MALGESSO,3012095,VA,IM-04,LAGHI E PREALPI VARESINE
SANTA CRISTINA E BISSONE,3016191,BG,IM-12,BASSA PIANURA OCCIDENTALE
RASURA,3014055,SO,IM-02,MEDIA-BASSA VALTELLINA
CARNAGO,3012033,VA,IM-09,NODO IDRAULICO DI MILANO
MACHERIO,3108029,MB,IM-09,NODO IDRAULICO DI MILANO
MANTOVA,3020030,MN,IM-13,BASSA PIANURA ORIENTALE
CREDARO,3016088,BG,IM-08,LAGHI E PREALPI ORIENTALI
BRIGNANO GERA D`ADDA,3016040,BG,IM-10,PIANURA CENTRALE
CORNALE E BASTIDA,3018191,PV,IM-12,BASSA PIANURA OCCIDENTALE
OSIO SOTTO,3016153,BG,IM-10,PIANURA CENTRALE
GARBAGNATE MONASTERO,3097037,LC,IM-09,NODO IDRAULICO DI MILANO
CASATISMA,3018032,PV,IM-12,BASSA PIANURA OCCIDENTALE
BRAONE,3017027,BS,IM-07,VALCAMONICA
BRUSAPORTO,3016042,BG,IM-10,PIANURA CENTRALE
MONTELLO,3016139,BG,IM-10,PIANURA CENTRALE
CENATE SOTTO,3016069,BG,IM-08,LAGHI E PREALPI ORIENTALI
MORAZZONE,3012105,VA,IM-09,NODO IDRAULICO DI MILANO
MEZZANINO,3018092,PV,IM-12,BASSA PIANURA OCCIDENTALE
SONCINO,3019097,CR,IM-11,ALTA PIANURA ORIENTALE
VENDROGNO,3097085,LC,IM-05,LARIO E PREALPI OCCIDENTALI
CASALETTO DI SOPRA,3019019,CR,IM-10,PIANURA CENTRALE
DAVERIO,3012064,VA,IM-04,LAGHI E PREALPI VARESINE
TAVERNOLE SUL MELLA,3017183,BS,IM-08,LAGHI E PREALPI ORIENTALI
ABBADIA LARIANA,3097001,LC,IM-05,LARIO E PREALPI OCCIDENTALI
TRIBIANO,3015222,MI,IM-09,NODO IDRAULICO DI MILANO
TREMOSINE,3017189,BS,IM-08,LAGHI E PREALPI ORIENTALI
CLIVIO,3012052,VA,IM-04,LAGHI E PREALPI VARESINE
BRIOSCO,3108011,MB,IM-09,NODO IDRAULICO DI MILANO
ALBONESE,3018003,PV,IM-12,BASSA PIANURA OCCIDENTALE
SORMANO,3013217,CO,IM-05,LARIO E PREALPI OCCIDENTALI
CROSIO DELLA VALLE,3012057,VA,IM-04,LAGHI E PREALPI VARESINE
CAVENAGO D`ADDA,3098017,LO,IM-10,PIANURA CENTRALE
PIEVE DI CORIANO,3020040,MN,IM-13,BASSA PIANURA ORIENTALE
BRUSIMPIANO,3012024,VA,IM-04,LAGHI E PREALPI VARESINE
NIARDO,3017118,BS,IM-07,VALCAMONICA
LONATO DEL GARDA,3017092,BS,IM-11,ALTA PIANURA ORIENTALE
CASORATE PRIMO,3018034,PV,IM-12,BASSA PIANURA OCCIDENTALE
PROVAGLIO D`ISEO,3017156,BS,IM-08,LAGHI E PREALPI ORIENTALI
MARMENTINO,3017105,BS,IM-08,LAGHI E PREALPI ORIENTALI
COPIANO,3018053,PV,IM-12,BASSA PIANURA OCCIDENTALE
PUEGNAGO SUL GARDA,3017158,BS,IM-08,LAGHI E PREALPI ORIENTALI
VELLEZZO BELLINI,3018173,PV,IM-12,BASSA PIANURA OCCIDENTALE
FENEGRO`,3013100,CO,IM-09,NODO IDRAULICO DI MILANO
SEDRIANO,3015204,MI,IM-09,NODO IDRAULICO DI MILANO
CAMPOSPINOSO,3018026,PV,IM-12,BASSA PIANURA OCCIDENTALE
TEGLIO,3014065,SO,IM-02,MEDIA-BASSA VALTELLINA
BULGAROGRASSO,3013034,CO,IM-09,NODO IDRAULICO DI MILANO
PESCATE,3097068,LC,IM-05,LARIO E PREALPI OCCIDENTALI
VIDIGULFO,3018176,PV,IM-12,BASSA PIANURA OCCIDENTALE
BREMBATE DI SOPRA,3016038,BG,IM-10,PIANURA CENTRALE
PIEVE SAN GIACOMO,3019075,CR,IM-13,BASSA PIANURA ORIENTALE
VISTARINO,3018181,PV,IM-12,BASSA PIANURA OCCIDENTALE
FERRERA ERBOGNONE,3018062,PV,IM-12,BASSA PIANURA OCCIDENTALE
CAGLIO,3013037,CO,IM-05,LARIO E PREALPI OCCIDENTALI
PIAZZOLO,3016166,BG,IM-06,OROBIE BERGAMASCHE
ODOLO,3017121,BS,IM-08,LAGHI E PREALPI ORIENTALI
VOBARNO,3017204,BS,IM-08,LAGHI E PREALPI ORIENTALI
GRIANTE,3013113,CO,IM-05,LARIO E PREALPI OCCIDENTALI
PASTURO,3097065,LC,IM-05,LARIO E PREALPI OCCIDENTALI
VILLANTERIO,3018180,PV,IM-12,BASSA PIANURA OCCIDENTALE
SAN GIOVANNI DEL DOSSO,3020058,MN,IM-13,BASSA PIANURA ORIENTALE
CASTELLO D`AGOGNA,3018039,PV,IM-12,BASSA PIANURA OCCIDENTALE
REZZATO,3017161,BS,IM-11,ALTA PIANURA ORIENTALE
BORGOSATOLLO,3017021,BS,IM-11,ALTA PIANURA ORIENTALE
VANZAGHELLO,3015249,MI,IM-09,NODO IDRAULICO DI MILANO
MISSAGLIA,3097049,LC,IM-05,LARIO E PREALPI OCCIDENTALI
CASALMAGGIORE,3019021,CR,IM-13,BASSA PIANURA ORIENTALE
MONTE ISOLA,3017111,BS,IM-08,LAGHI E PREALPI ORIENTALI
BOSNASCO,3018020,PV,IM-14,APPENNINO PAVESE
AGRATE BRIANZA,3108001,MB,IM-09,NODO IDRAULICO DI MILANO
LEFFE,3016124,BG,IM-06,OROBIE BERGAMASCHE
GAZZUOLO,3020025,MN,IM-13,BASSA PIANURA ORIENTALE
PROSERPIO,3013192,CO,IM-05,LARIO E PREALPI OCCIDENTALI
ZECCONE,3018185,PV,IM-12,BASSA PIANURA OCCIDENTALE
BAREGGIO,3015012,MI,IM-09,NODO IDRAULICO DI MILANO
OLTRESSENDA ALTA,3016147,BG,IM-06,OROBIE BERGAMASCHE
DRESANO,3015101,MI,IM-09,NODO IDRAULICO DI MILANO
BREBBIA,3012017,VA,IM-04,LAGHI E PREALPI VARESINE
GALLIAVOLA,3018066,PV,IM-12,BASSA PIANURA OCCIDENTALE
SONDRIO,3014061,SO,IM-02,MEDIA-BASSA VALTELLINA
ALZATE BRIANZA,3013007,CO,IM-09,NODO IDRAULICO DI MILANO
PIANELLO DEL LARIO,3013183,CO,IM-05,LARIO E PREALPI OCCIDENTALI
CASTELLANZA,3012042,VA,IM-09,NODO IDRAULICO DI MILANO
COMO,3013075,CO,IM-05,LARIO E PREALPI OCCIDENTALI
ALBAIRATE,3015005,MI,IM-09,NODO IDRAULICO DI MILANO
PIEVE PORTO MORONE,3018114,PV,IM-12,BASSA PIANURA OCCIDENTALE
BERTONICO,3098002,LO,IM-10,PIANURA CENTRALE
GALGAGNANO,3098027,LO,IM-10,PIANURA CENTRALE
POLAVENO,3017144,BS,IM-08,LAGHI E PREALPI ORIENTALI
MARCIGNAGO,3018086,PV,IM-12,BASSA PIANURA OCCIDENTALE
REZZAGO,3013195,CO,IM-05,LARIO E PREALPI OCCIDENTALI
SALE MARASINO,3017169,BS,IM-08,LAGHI E PREALPI ORIENTALI
ROSATE,3015188,MI,IM-12,BASSA PIANURA OCCIDENTALE
BEREGAZZO CON FIGLIARO,3013022,CO,IM-09,NODO IDRAULICO DI MILANO
TRAVAGLIATO,3017188,BS,IM-11,ALTA PIANURA ORIENTALE
CALCINATO,3017032,BS,IM-11,ALTA PIANURA ORIENTALE
ALBOSAGGIA,3014002,SO,IM-02,MEDIA-BASSA VALTELLINA
CAPIZZONE,3016050,BG,IM-06,OROBIE BERGAMASCHE
BUCCINASCO,3015036,MI,IM-12,BASSA PIANURA OCCIDENTALE
BARANZATE,3015250,MI,IM-09,NODO IDRAULICO DI MILANO
TORRE PALLAVICINA,3016217,BG,IM-11,ALTA PIANURA ORIENTALE
ORZINUOVI,3017125,BS,IM-11,ALTA PIANURA ORIENTALE
SAN ZENO NAVIGLIO,3017173,BS,IM-11,ALTA PIANURA ORIENTALE
ARCONATE,3015007,MI,IM-09,NODO IDRAULICO DI MILANO
BULCIAGO,3097011,LC,IM-09,NODO IDRAULICO DI MILANO
ROBBIATE,3097071,LC,IM-10,PIANURA CENTRALE
MARNATE,3012098,VA,IM-09,NODO IDRAULICO DI MILANO
PIAZZATORRE,3016165,BG,IM-06,OROBIE BERGAMASCHE
RANZANICO,3016179,BG,IM-08,LAGHI E PREALPI ORIENTALI
ROVETTA,3016187,BG,IM-06,OROBIE BERGAMASCHE
MONASTEROLO DEL CASTELLO,3016137,BG,IM-08,LAGHI E PREALPI ORIENTALI
DOVERA,3019041,CR,IM-10,PIANURA CENTRALE
MARCALLO CON CASONE,3015134,MI,IM-09,NODO IDRAULICO DI MILANO
POGNANA LARIO,3013186,CO,IM-05,LARIO E PREALPI OCCIDENTALI
CAVARGNA,3013062,CO,IM-05,LARIO E PREALPI OCCIDENTALI
SULBIATE,3108042,MB,IM-09,NODO IDRAULICO DI MILANO
CALVATONE,3019009,CR,IM-11,ALTA PIANURA ORIENTALE
GARLATE,3097038,LC,IM-05,LARIO E PREALPI OCCIDENTALI
MEDIGLIA,3015139,MI,IM-09,NODO IDRAULICO DI MILANO
FORMIGARA,3019044,CR,IM-10,PIANURA CENTRALE
DOSSENA,3016092,BG,IM-06,OROBIE BERGAMASCHE
BADIA PAVESE,3018006,PV,IM-12,BASSA PIANURA OCCIDENTALE
ALGUA,3016248,BG,IM-06,OROBIE BERGAMASCHE
SAN MARTINO DEL LAGO,3019091,CR,IM-13,BASSA PIANURA ORIENTALE
VERTOVA,3016234,BG,IM-06,OROBIE BERGAMASCHE
CASALMAIOCCO,3098009,LO,IM-12,BASSA PIANURA OCCIDENTALE
RIVAROLO MANTOVANO,3020050,MN,IM-13,BASSA PIANURA ORIENTALE
ERVE,3097034,LC,IM-05,LARIO E PREALPI OCCIDENTALI
VILLA CARCINA,3017199,BS,IM-08,LAGHI E PREALPI ORIENTALI
VALNEGRA,3016227,BG,IM-06,OROBIE BERGAMASCHE
SERINA,3016199,BG,IM-06,OROBIE BERGAMASCHE
ANDALO VALTELLINO,3014003,SO,IM-02,MEDIA-BASSA VALTELLINA
MONZAMBANO,3020036,MN,IM-11,ALTA PIANURA ORIENTALE
CALCINATE,3016043,BG,IM-10,PIANURA CENTRALE
AGNADELLO,3019002,CR,IM-10,PIANURA CENTRALE
PONTOGLIO,3017150,BS,IM-11,ALTA PIANURA ORIENTALE
GARGNANO,3017076,BS,IM-08,LAGHI E PREALPI ORIENTALI
BEREGUARDO,3018014,PV,IM-12,BASSA PIANURA OCCIDENTALE
SAN BARTOLOMEO VAL CAVARGNA,3013204,CO,IM-05,LARIO E PREALPI OCCIDENTALI
MOTTA BALUFFI,3019061,CR,IM-13,BASSA PIANURA ORIENTALE
LONATE CEPPINO,3012089,VA,IM-09,NODO IDRAULICO DI MILANO
CHIEVE,3019029,CR,IM-10,PIANURA CENTRALE
VITTUONE,3015243,MI,IM-09,NODO IDRAULICO DI MILANO
PONTE NIZZA,3018117,PV,IM-14,APPENNINO PAVESE
NOVIGLIO,3015158,MI,IM-12,BASSA PIANURA OCCIDENTALE
MORNICO AL SERIO,3016141,BG,IM-10,PIANURA CENTRALE
GERA LARIO,3013107,CO,IM-05,LARIO E PREALPI OCCIDENTALI
VERCEIA,3014075,SO,IM-02,MEDIA-BASSA VALTELLINA
TORLINO VIMERCATI,3019105,CR,IM-10,PIANURA CENTRALE
VILLANUOVA SUL CLISI,3017201,BS,IM-08,LAGHI E PREALPI ORIENTALI
LOMAGNA,3097044,LC,IM-09,NODO IDRAULICO DI MILANO
ROVERBELLA,3020053,MN,IM-11,ALTA PIANURA ORIENTALE
CASALPUSTERLENGO,3098010,LO,IM-12,BASSA PIANURA OCCIDENTALE
PORTO CERESIO,3012113,VA,IM-04,LAGHI E PREALPI VARESINE
MANERBA DEL GARDA,3017102,BS,IM-08,LAGHI E PREALPI ORIENTALI
TORRE BOLDONE,3016214,BG,IM-06,OROBIE BERGAMASCHE
MALGRATE,3097045,LC,IM-05,LARIO E PREALPI OCCIDENTALI
BUSTO GAROLFO,3015041,MI,IM-09,NODO IDRAULICO DI MILANO
LIVIGNO,3014037,SO,IM-03,ALTA VALTELLINA
BARGHE,3017012,BS,IM-08,LAGHI E PREALPI ORIENTALI
SOLBIATE ARNO,3012121,VA,IM-09,NODO IDRAULICO DI MILANO
TACENO,3097079,LC,IM-05,LARIO E PREALPI OCCIDENTALI
SALTRIO,3012117,VA,IM-04,LAGHI E PREALPI VARESINE
VIADANA,3020066,MN,IM-13,BASSA PIANURA ORIENTALE
LIERNA,3097043,LC,IM-05,LARIO E PREALPI OCCIDENTALI
MOIO DE` CALVI,3016136,BG,IM-06,OROBIE BERGAMASCHE
BESNATE,3012012,VA,IM-09,NODO IDRAULICO DI MILANO
FRASCAROLO,3018065,PV,IM-12,BASSA PIANURA OCCIDENTALE
FINO MORNASCO,3013102,CO,IM-09,NODO IDRAULICO DI MILANO
ZINASCO,3018190,PV,IM-12,BASSA PIANURA OCCIDENTALE
MELETI,3098038,LO,IM-12,BASSA PIANURA OCCIDENTALE
BARZANA,3016021,BG,IM-10,PIANURA CENTRALE
GRONE,3016119,BG,IM-08,LAGHI E PREALPI ORIENTALI
IDRO,3017082,BS,IM-08,LAGHI E PREALPI ORIENTALI
CAVRIANA,3020018,MN,IM-11,ALTA PIANURA ORIENTALE
CAPIAGO INTIMIANO,3013043,CO,IM-05,LARIO E PREALPI OCCIDENTALI
TIRANO,3014066,SO,IM-02,MEDIA-BASSA VALTELLINA
CASALZUIGNO,3012037,VA,IM-04,LAGHI E PREALPI VARESINE
CASTIGLIONE DELLE STIVIERE,3020017,MN,IM-11,ALTA PIANURA ORIENTALE
CERNUSCO LOMBARDONE,3097020,LC,IM-05,LARIO E PREALPI OCCIDENTALI
MASLIANICO,3013144,CO,IM-05,LARIO E PREALPI OCCIDENTALI
ESINO LARIO,3097035,LC,IM-05,LARIO E PREALPI OCCIDENTALI
CAZZAGO BRABBIA,3012049,VA,IM-04,LAGHI E PREALPI VARESINE
OSTIANO,3019064,CR,IM-11,ALTA PIANURA ORIENTALE
SAN COLOMBANO AL LAMBRO,3015191,MI,IM-12,BASSA PIANURA OCCIDENTALE
ALBANO SANT`ALESSANDRO,3016003,BG,IM-10,PIANURA CENTRALE
LOCATE DI TRIULZI,3015125,MI,IM-12,BASSA PIANURA OCCIDENTALE
BOLGARE,3016028,BG,IM-11,ALTA PIANURA ORIENTALE
CAMERATA CORNELLO,3016048,BG,IM-06,OROBIE BERGAMASCHE
GOTTOLENGO,3017080,BS,IM-11,ALTA PIANURA ORIENTALE
OTTOBIANO,3018106,PV,IM-12,BASSA PIANURA OCCIDENTALE
MOTTA VISCONTI,3015151,MI,IM-12,BASSA PIANURA OCCIDENTALE
SIRONE,3097075,LC,IM-05,LARIO E PREALPI OCCIDENTALI
MAGNACAVALLO,3020029,MN,IM-13,BASSA PIANURA ORIENTALE
RUINO,3018132,PV,IM-14,APPENNINO PAVESE
CONCESIO,3017061,BS,IM-08,LAGHI E PREALPI ORIENTALI
VERCURAGO,3097086,LC,IM-05,LARIO E PREALPI OCCIDENTALI
VILLA D`ADDA,3016238,BG,IM-06,OROBIE BERGAMASCHE
CASSINA VALSASSINA,3097018,LC,IM-05,LARIO E PREALPI OCCIDENTALI
GEROLA ALTA,3014031,SO,IM-02,MEDIA-BASSA VALTELLINA
VALVERDE,3018170,PV,IM-14,APPENNINO PAVESE
MONTEMEZZO,3013155,CO,IM-05,LARIO E PREALPI OCCIDENTALI
DORIO,3097032,LC,IM-05,LARIO E PREALPI OCCIDENTALI
CARONNO PERTUSELLA,3012034,VA,IM-09,NODO IDRAULICO DI MILANO
TRAONA,3014069,SO,IM-02,MEDIA-BASSA VALTELLINA
BASIANO,3015014,MI,IM-09,NODO IDRAULICO DI MILANO
BRESSANA BOTTARONE,3018023,PV,IM-12,BASSA PIANURA OCCIDENTALE
GALLIATE LOMBARDO,3012071,VA,IM-04,LAGHI E PREALPI VARESINE
BORMIO,3014009,SO,IM-03,ALTA VALTELLINA
NAVE,3017117,BS,IM-08,LAGHI E PREALPI ORIENTALI
TRONZANO LAGO MAGGIORE,3012129,VA,IM-04,LAGHI E PREALPI VARESINE
SERNIO,3014059,SO,IM-03,ALTA VALTELLINA
MASSALENGO,3098037,LO,IM-10,PIANURA CENTRALE
BORGARELLO,3018015,PV,IM-12,BASSA PIANURA OCCIDENTALE
CARBONARA DI PO,3020009,MN,IM-13,BASSA PIANURA ORIENTALE
CASTRO,3016065,BG,IM-08,LAGHI E PREALPI ORIENTALI
NESSO,3013161,CO,IM-05,LARIO E PREALPI OCCIDENTALI
MORTARA,3018102,PV,IM-12,BASSA PIANURA OCCIDENTALE
ASSAGO,3015011,MI,IM-12,BASSA PIANURA OCCIDENTALE
CASTEL GABBIANO,3019024,CR,IM-10,PIANURA CENTRALE
CAPPELLA CANTONE,3019013,CR,IM-10,PIANURA CENTRALE
TRESIVIO,3014070,SO,IM-02,MEDIA-BASSA VALTELLINA
MONNO,3017110,BS,IM-07,VALCAMONICA
BORGO DI TERZO,3016032,BG,IM-08,LAGHI E PREALPI ORIENTALI
LONGHENA,3017093,BS,IM-11,ALTA PIANURA ORIENTALE
BUSTO ARSIZIO,3012026,VA,IM-09,NODO IDRAULICO DI MILANO
OLGIATE OLONA,3012108,VA,IM-09,NODO IDRAULICO DI MILANO
CASTIONE ANDEVENNO,3014015,SO,IM-02,MEDIA-BASSA VALTELLINA
SOLBIATE,3013215,CO,IM-05,LARIO E PREALPI OCCIDENTALI
CASARGO,3097015,LC,IM-05,LARIO E PREALPI OCCIDENTALI
CERNUSCO SUL NAVIGLIO,3015070,MI,IM-09,NODO IDRAULICO DI MILANO
VILMINORE DI SCALVE,3016243,BG,IM-07,VALCAMONICA
CROTTA D`ADDA,3019038,CR,IM-12,BASSA PIANURA OCCIDENTALE
CUVEGLIO,3012062,VA,IM-04,LAGHI E PREALPI VARESINE
BORNASCO,3018019,PV,IM-12,BASSA PIANURA OCCIDENTALE
FORCOLA,3014029,SO,IM-02,MEDIA-BASSA VALTELLINA
CASTEGNATO,3017040,BS,IM-11,ALTA PIANURA ORIENTALE
MARCARIA,3020031,MN,IM-13,BASSA PIANURA ORIENTALE
SAN GIULIANO MILANESE,3015195,MI,IM-09,NODO IDRAULICO DI MILANO
CURTATONE,3020021,MN,IM-13,BASSA PIANURA ORIENTALE
TREZZO SULL`ADDA,3015221,MI,IM-10,PIANURA CENTRALE
FARA GERA D`ADDA,3016096,BG,IM-10,PIANURA CENTRALE
CODOGNO,3098019,LO,IM-12,BASSA PIANURA OCCIDENTALE
SESTO SAN GIOVANNI,3015209,MI,IM-09,NODO IDRAULICO DI MILANO
OLMO AL BREMBO,3016145,BG,IM-06,OROBIE BERGAMASCHE
BORGHETTO LODIGIANO,3098004,LO,IM-12,BASSA PIANURA OCCIDENTALE
CASANOVA LONATI,3018031,PV,IM-12,BASSA PIANURA OCCIDENTALE
ARLUNO,3015010,MI,IM-09,NODO IDRAULICO DI MILANO
TORRE DI SANTA MARIA,3014067,SO,IM-02,MEDIA-BASSA VALTELLINA
BUSNAGO,3108051,MB,IM-09,NODO IDRAULICO DI MILANO
BERGAMO,3016024,BG,IM-10,PIANURA CENTRALE
OGGIONO,3097057,LC,IM-05,LARIO E PREALPI OCCIDENTALI
MOLTRASIO,3013152,CO,IM-05,LARIO E PREALPI OCCIDENTALI
TREZZANO SUL NAVIGLIO,3015220,MI,IM-12,BASSA PIANURA OCCIDENTALE
AIRUNO,3097002,LC,IM-05,LARIO E PREALPI OCCIDENTALI
MESE,3014043,SO,IM-01,VALCHIAVENNA
LISSONE,3108028,MB,IM-09,NODO IDRAULICO DI MILANO
ISPRA,3012084,VA,IM-04,LAGHI E PREALPI VARESINE
MONTANO LUCINO,3013154,CO,IM-05,LARIO E PREALPI OCCIDENTALI
SANT'OMOBONO TERME,3015200,MI,IM-06,OROBIE BERGAMASCHE
PALAZZO PIGNANO,3019066,CR,IM-10,PIANURA CENTRALE
QUISTELLO,3020047,MN,IM-13,BASSA PIANURA ORIENTALE
VAIANO CREMASCO,3019111,CR,IM-10,PIANURA CENTRALE
VILLA CORTESE,3015248,MI,IM-09,NODO IDRAULICO DI MILANO
VERRETTO,3018174,PV,IM-12,BASSA PIANURA OCCIDENTALE
VARANO BORGHI,3012132,VA,IM-04,LAGHI E PREALPI VARESINE
NERVIANO,3015154,MI,IM-09,NODO IDRAULICO DI MILANO
TRESCORE BALNEARIO,3016218,BG,IM-08,LAGHI E PREALPI ORIENTALI
VELEZZO LOMELLINA,3018172,PV,IM-12,BASSA PIANURA OCCIDENTALE
GALBIATE,3097036,LC,IM-05,LARIO E PREALPI OCCIDENTALI
IZANO,3019054,CR,IM-10,PIANURA CENTRALE
VESTRENO,3097089,LC,IM-05,LARIO E PREALPI OCCIDENTALI
COSTA DI MEZZATE,3016084,BG,IM-10,PIANURA CENTRALE
CASTIGLIONE D`INTELVI,3013060,CO,IM-05,LARIO E PREALPI OCCIDENTALI
PROVAGLIO VAL SABBIA,3017157,BS,IM-08,LAGHI E PREALPI ORIENTALI
GORNATE OLONA,3012080,VA,IM-09,NODO IDRAULICO DI MILANO
BORDOLANO,3019007,CR,IM-11,ALTA PIANURA ORIENTALE
PERO,3015170,MI,IM-09,NODO IDRAULICO DI MILANO
VEDANO AL LAMBRO,3108046,MB,IM-09,NODO IDRAULICO DI MILANO
MALNATE,3012096,VA,IM-04,LAGHI E PREALPI VARESINE
MISINTO,3108032,MB,IM-09,NODO IDRAULICO DI MILANO
DOLZAGO,3097031,LC,IM-05,LARIO E PREALPI OCCIDENTALI
BIGARELLO,3020004,MN,IM-11,ALTA PIANURA ORIENTALE
CALUSCO D`ADDA,3016046,BG,IM-10,PIANURA CENTRALE
BUSSERO,3015040,MI,IM-09,NODO IDRAULICO DI MILANO
DELEBIO,3014026,SO,IM-02,MEDIA-BASSA VALTELLINA
CASALBUTTANO ED UNITI,3019016,CR,IM-11,ALTA PIANURA ORIENTALE
MURA,3017115,BS,IM-08,LAGHI E PREALPI ORIENTALI
CUSIO,3016090,BG,IM-06,OROBIE BERGAMASCHE
CORNAREDO,3015087,MI,IM-09,NODO IDRAULICO DI MILANO
LAGLIO,3013119,CO,IM-05,LARIO E PREALPI OCCIDENTALI
SENIGA,3017177,BS,IM-11,ALTA PIANURA ORIENTALE
LECCO,3097042,LC,IM-05,LARIO E PREALPI OCCIDENTALI
GAZOLDO DEGLI IPPOLITI,3020024,MN,IM-11,ALTA PIANURA ORIENTALE
GRASSOBBIO,3016117,BG,IM-10,PIANURA CENTRALE
CALVISANO,3017034,BS,IM-11,ALTA PIANURA ORIENTALE
GESSATE,3015106,MI,IM-09,NODO IDRAULICO DI MILANO
FLERO,3017072,BS,IM-11,ALTA PIANURA ORIENTALE
FINO DEL MONTE,3016099,BG,IM-08,LAGHI E PREALPI ORIENTALI
PARRE,3016158,BG,IM-06,OROBIE BERGAMASCHE
AGNOSINE,3017003,BS,IM-08,LAGHI E PREALPI ORIENTALI
CORTE DE` CORTESI CON CIGNONE,3019032,CR,IM-11,ALTA PIANURA ORIENTALE
CANONICA D`ADDA,3016049,BG,IM-10,PIANURA CENTRALE
MORNICO LOSANA,3018101,PV,IM-14,APPENNINO PAVESE
NUVOLERA,3017120,BS,IM-11,ALTA PIANURA ORIENTALE
BORGO SAN GIOVANNI,3098005,LO,IM-12,BASSA PIANURA OCCIDENTALE
CASALE LITTA,3012036,VA,IM-04,LAGHI E PREALPI VARESINE
NIBIONNO,3097056,LC,IM-09,NODO IDRAULICO DI MILANO
LODI,3098031,LO,IM-10,PIANURA CENTRALE
CERANO INTELVI,3013063,CO,IM-05,LARIO E PREALPI OCCIDENTALI
BINAGO,3013023,CO,IM-09,NODO IDRAULICO DI MILANO
LEZZENO,3013126,CO,IM-05,LARIO E PREALPI OCCIDENTALI
CIVO,3014022,SO,IM-02,MEDIA-BASSA VALTELLINA
SAN GIORGIO DI MANTOVA,3020057,MN,IM-11,ALTA PIANURA ORIENTALE
COMABBIO,3012054,VA,IM-04,LAGHI E PREALPI VARESINE
ZOGNO,3016246,BG,IM-06,OROBIE BERGAMASCHE
SANTA MARGHERITA DI STAFFORA,3018140,PV,IM-14,APPENNINO PAVESE
CERCINO,3014017,SO,IM-02,MEDIA-BASSA VALTELLINA
COZZO,3018059,PV,IM-12,BASSA PIANURA OCCIDENTALE
BELGIOIOSO,3018013,PV,IM-12,BASSA PIANURA OCCIDENTALE
ROMANO DI LOMBARDIA,3016183,BG,IM-10,PIANURA CENTRALE
ACQUANEGRA CREMONESE,3019001,CR,IM-13,BASSA PIANURA ORIENTALE
VALBRONA,3013229,CO,IM-05,LARIO E PREALPI OCCIDENTALI
PARONA,3018109,PV,IM-12,BASSA PIANURA OCCIDENTALE
ARTOGNE,3017007,BS,IM-07,VALCAMONICA
PEDRENGO,3014047,SO,IM-10,PIANURA CENTRALE
VERNATE,3015236,MI,IM-12,BASSA PIANURA OCCIDENTALE
ISORELLA,3017086,BS,IM-11,ALTA PIANURA ORIENTALE
VILLONGO,3016242,BG,IM-08,LAGHI E PREALPI ORIENTALI
DUBINO,3014027,SO,IM-02,MEDIA-BASSA VALTELLINA
CERTOSA DI PAVIA,3018046,PV,IM-12,BASSA PIANURA OCCIDENTALE
TRESCORE CREMASCO,3019109,CR,IM-10,PIANURA CENTRALE
GUSSAGO,3017081,BS,IM-08,LAGHI E PREALPI ORIENTALI
CASTELMARTE,3013058,CO,IM-05,LARIO E PREALPI OCCIDENTALI
TORBOLE CASAGLIA,3017186,BS,IM-11,ALTA PIANURA ORIENTALE
UGGIATE - TREVANO,3013228,CO,IM-05,LARIO E PREALPI OCCIDENTALI
STAZZONA,3013218,CO,IM-05,LARIO E PREALPI OCCIDENTALI
TAINO,3012125,VA,IM-04,LAGHI E PREALPI VARESINE
GRAVELLONA LOMELLINA,3018075,PV,IM-12,BASSA PIANURA OCCIDENTALE
CASTEL GOFFREDO,3020015,MN,IM-11,ALTA PIANURA ORIENTALE
ZANDOBBIO,3016244,BG,IM-08,LAGHI E PREALPI ORIENTALI
SAN FERMO DELLA BATTAGLIA,3013206,CO,IM-05,LARIO E PREALPI OCCIDENTALI
FUIPIANO VALLE IMAGNA,3016106,BG,IM-06,OROBIE BERGAMASCHE
CASTELLO DELL`ACQUA,3014014,SO,IM-02,MEDIA-BASSA VALTELLINA
CORTEOLONA E GENZONE,3018192,PV,IM-12,BASSA PIANURA OCCIDENTALE
MANERBIO,3017103,BS,IM-11,ALTA PIANURA ORIENTALE
MASCIAGO PRIMO,3012100,VA,IM-04,LAGHI E PREALPI VARESINE
CASTELLUCCHIO,3020016,MN,IM-13,BASSA PIANURA ORIENTALE
BARZAGO,3097005,LC,IM-09,NODO IDRAULICO DI MILANO
CANDIA LOMELLINA,3018027,PV,IM-12,BASSA PIANURA OCCIDENTALE
CIVATE,3097022,LC,IM-05,LARIO E PREALPI OCCIDENTALI
LOMELLO,3018083,PV,IM-12,BASSA PIANURA OCCIDENTALE
BUGUGGIATE,3012025,VA,IM-04,LAGHI E PREALPI VARESINE
TOVO DI SANT`AGATA,3014068,SO,IM-03,ALTA VALTELLINA
ERBA,3013095,CO,IM-05,LARIO E PREALPI OCCIDENTALI
RONCO BRIANTINO,3108038,MB,IM-09,NODO IDRAULICO DI MILANO
CORTENO GOLGI,3017063,BS,IM-07,VALCAMONICA
VILLA GUARDIA,3013245,CO,IM-05,LARIO E PREALPI OCCIDENTALI
TREMEZZINA,3013252,CO,IM-05,LARIO E PREALPI OCCIDENTALI
LINAROLO,3018081,PV,IM-12,BASSA PIANURA OCCIDENTALE
COMEZZANO - CIZZAGO,3017060,BS,IM-11,ALTA PIANURA ORIENTALE
PREDORE,3016174,BG,IM-08,LAGHI E PREALPI ORIENTALI
SANTA MARIA HOE`,3018143,PV,IM-05,LARIO E PREALPI OCCIDENTALI
CASLINO D`ERBA,3013052,CO,IM-05,LARIO E PREALPI OCCIDENTALI
FALOPPIO,3013099,CO,IM-05,LARIO E PREALPI OCCIDENTALI
ALBIOLO,3013005,CO,IM-05,LARIO E PREALPI OCCIDENTALI
AVERARA,3016014,BG,IM-06,OROBIE BERGAMASCHE
GARBAGNATE MILANESE,3015105,MI,IM-09,NODO IDRAULICO DI MILANO
CARONNO VARESINO,3012035,VA,IM-09,NODO IDRAULICO DI MILANO
PALOSCO,3016157,BG,IM-11,ALTA PIANURA ORIENTALE
CASTIRAGA VIDARDO,3098015,LO,IM-12,BASSA PIANURA OCCIDENTALE
VERVIO,3014076,SO,IM-03,ALTA VALTELLINA
BUBBIANO,3015035,MI,IM-12,BASSA PIANURA OCCIDENTALE
BLEVIO,3013026,CO,IM-05,LARIO E PREALPI OCCIDENTALI
CUNARDO,3012060,VA,IM-04,LAGHI E PREALPI VARESINE
MEZZOLDO,3016134,BG,IM-06,OROBIE BERGAMASCHE
TROVO,3018165,PV,IM-12,BASSA PIANURA OCCIDENTALE
RICENGO,3019079,CR,IM-10,PIANURA CENTRALE
CORTENUOVA,3016083,BG,IM-10,PIANURA CENTRALE
COSIO VALTELLINO,3014024,SO,IM-02,MEDIA-BASSA VALTELLINA
SARONNO,3012119,VA,IM-09,NODO IDRAULICO DI MILANO
STROZZA,3016208,BG,IM-06,OROBIE BERGAMASCHE
SAN ZENONE AL PO,3018145,PV,IM-12,BASSA PIANURA OCCIDENTALE
SAN FIORANO,3098047,LO,IM-12,BASSA PIANURA OCCIDENTALE
TRAVACO` SICCOMARIO,3018162,PV,IM-12,BASSA PIANURA OCCIDENTALE
OSIO SOPRA,3016152,BG,IM-10,PIANURA CENTRALE
LIMIDO COMASCO,3013128,CO,IM-09,NODO IDRAULICO DI MILANO
RONCOLA,3016185,BG,IM-06,OROBIE BERGAMASCHE
BRIVIO,3097010,LC,IM-05,LARIO E PREALPI OCCIDENTALI
PUMENENGO,3016177,BG,IM-11,ALTA PIANURA ORIENTALE
LOMAZZO,3013133,CO,IM-09,NODO IDRAULICO DI MILANO
LAINATE,3015116,MI,IM-09,NODO IDRAULICO DI MILANO
LUINO,3012092,VA,IM-04,LAGHI E PREALPI VARESINE
SOVICO,3108041,MB,IM-09,NODO IDRAULICO DI MILANO
CANTU`,3013041,CO,IM-09,NODO IDRAULICO DI MILANO
GREZZAGO,3015110,MI,IM-09,NODO IDRAULICO DI MILANO
CHIGNOLO PO,3018048,PV,IM-12,BASSA PIANURA OCCIDENTALE
SAN GIACOMO DELLE SEGNATE,3020056,MN,IM-13,BASSA PIANURA ORIENTALE
LAZZATE,3108025,MB,IM-09,NODO IDRAULICO DI MILANO
CELLA DATI,3019028,CR,IM-13,BASSA PIANURA ORIENTALE
CLUSONE,3016077,BG,IM-06,OROBIE BERGAMASCHE
PALESTRO,3018107,PV,IM-12,BASSA PIANURA OCCIDENTALE
CA` D`ANDREA,3019008,CR,IM-13,BASSA PIANURA ORIENTALE
BOSSICO,3016033,BG,IM-08,LAGHI E PREALPI ORIENTALI
COVO,3016087,BG,IM-10,PIANURA CENTRALE
ARCISATE,3012004,VA,IM-04,LAGHI E PREALPI VARESINE
PANTIGLIATE,3015167,MI,IM-09,NODO IDRAULICO DI MILANO
PORTO VALTRAVAGLIA,3012114,VA,IM-04,LAGHI E PREALPI VARESINE
PADERNO DUGNANO,3015166,MI,IM-09,NODO IDRAULICO DI MILANO
GUARDAMIGLIO,3098029,LO,IM-12,BASSA PIANURA OCCIDENTALE
BEDIZZOLE,3017014,BS,IM-11,ALTA PIANURA ORIENTALE
BINASCO,3015024,MI,IM-12,BASSA PIANURA OCCIDENTALE
SIRTORI,3097076,LC,IM-05,LARIO E PREALPI OCCIDENTALI
TRAVEDONA - MONATE,3012128,VA,IM-04,LAGHI E PREALPI VARESINE
LANZADA,3014036,SO,IM-02,MEDIA-BASSA VALTELLINA
PEGLIO,3016160,BG,IM-05,LARIO E PREALPI OCCIDENTALI
TORRE D`ARESE,3018157,PV,IM-12,BASSA PIANURA OCCIDENTALE
INDUNO OLONA,3012083,VA,IM-04,LAGHI E PREALPI VARESINE
CREMOSANO,3019037,CR,IM-10,PIANURA CENTRALE
BERLINGO,3017015,BS,IM-11,ALTA PIANURA ORIENTALE
CAVACURTA,3098016,LO,IM-12,BASSA PIANURA OCCIDENTALE
ARCENE,3016011,BG,IM-10,PIANURA CENTRALE
PREVALLE,3017155,BS,IM-11,ALTA PIANURA ORIENTALE
CARONA,3016056,BG,IM-06,OROBIE BERGAMASCHE
TURBIGO,3015226,MI,IM-09,NODO IDRAULICO DI MILANO
VALTORTA,3016229,BG,IM-06,OROBIE BERGAMASCHE
ROE` VOLCIANO,3017164,BS,IM-08,LAGHI E PREALPI ORIENTALI
LIMONE SUL GARDA,3017089,BS,IM-08,LAGHI E PREALPI ORIENTALI
SAMOLACO,3014057,SO,IM-01,VALCHIAVENNA
COLORINA,3014023,SO,IM-02,MEDIA-BASSA VALTELLINA
CAROBBIO DEGLI ANGELI,3016055,BG,IM-08,LAGHI E PREALPI ORIENTALI
VILLA POMA,3020067,MN,IM-13,BASSA PIANURA ORIENTALE
LOCATELLO,3016127,BG,IM-06,OROBIE BERGAMASCHE
CEDEGOLO,3017047,BS,IM-07,VALCAMONICA
BRUNELLO,3012023,VA,IM-09,NODO IDRAULICO DI MILANO
PREMOLO,3016175,BG,IM-06,OROBIE BERGAMASCHE
PONTE IN VALTELLINA,3014052,SO,IM-02,MEDIA-BASSA VALTELLINA
CORTE FRANCA,3017062,BS,IM-08,LAGHI E PREALPI ORIENTALI
VAILATE,3019112,CR,IM-10,PIANURA CENTRALE
TREZZONE,3013226,CO,IM-05,LARIO E PREALPI OCCIDENTALI
BREMBATE,3016037,BG,IM-10,PIANURA CENTRALE
SAN FELICE DEL BENACO,3017171,BS,IM-08,LAGHI E PREALPI ORIENTALI
SALA COMACINA,3013203,CO,IM-05,LARIO E PREALPI OCCIDENTALI
DALMINE,3016091,BG,IM-10,PIANURA CENTRALE
BAGOLINO,3017010,BS,IM-08,LAGHI E PREALPI ORIENTALI
BARIANO,3016020,BG,IM-10,PIANURA CENTRALE
CASSINA RIZZARDI,3013055,CO,IM-09,NODO IDRAULICO DI MILANO
RONCADELLE,3017165,BS,IM-11,ALTA PIANURA ORIENTALE
CEDRASCO,3014016,SO,IM-02,MEDIA-BASSA VALTELLINA
NOVA MILANESE,3108035,MB,IM-09,NODO IDRAULICO DI MILANO
SERMIDE,3020061,MN,IM-13,BASSA PIANURA ORIENTALE
PEDESINA,3017137,BS,IM-02,MEDIA-BASSA VALTELLINA
MACCAGNO CON PINO E VEDDASCA,3012142,VA,IM-04,LAGHI E PREALPI VARESINE
CASALMORANO,3019022,CR,IM-11,ALTA PIANURA ORIENTALE
MARIANA MANTOVANA,3020032,MN,IM-11,ALTA PIANURA ORIENTALE
CAPRIOLO,3017038,BS,IM-08,LAGHI E PREALPI ORIENTALI
ANNICCO,3019003,CR,IM-11,ALTA PIANURA ORIENTALE
OSMATE,3012111,VA,IM-04,LAGHI E PREALPI VARESINE
LENNA,3016125,BG,IM-06,OROBIE BERGAMASCHE
MONVALLE,3012104,VA,IM-04,LAGHI E PREALPI VARESINE
TEMU`,3017184,BS,IM-07,VALCAMONICA
TURANO LODIGIANO,3098058,LO,IM-10,PIANURA CENTRALE
SOLARO,3015213,MI,IM-09,NODO IDRAULICO DI MILANO
CURIGLIA CON MONTEVIASCO,3012061,VA,IM-04,LAGHI E PREALPI VARESINE
VEROLAVECCHIA,3017196,BS,IM-11,ALTA PIANURA ORIENTALE
SANT`ANGELO LOMELLINA,3018144,PV,IM-12,BASSA PIANURA OCCIDENTALE
SOLZA,3016251,BG,IM-10,PIANURA CENTRALE
VENIANO,3013238,CO,IM-09,NODO IDRAULICO DI MILANO
CASTO,3017044,BS,IM-08,LAGHI E PREALPI ORIENTALI
NOVATE MEZZOLA,3014046,SO,IM-02,MEDIA-BASSA VALTELLINA
CERIANO LAGHETTO,3108018,MB,IM-09,NODO IDRAULICO DI MILANO
VALERA FRATTA,3098059,LO,IM-12,BASSA PIANURA OCCIDENTALE
CAPRALBA,3019015,CR,IM-10,PIANURA CENTRALE
SCHIVENOGLIA,3020060,MN,IM-13,BASSA PIANURA ORIENTALE
CURNO,3016089,BG,IM-10,PIANURA CENTRALE
CASTIGLIONE D`ADDA,3098014,LO,IM-10,PIANURA CENTRALE
MELLO,3014041,SO,IM-02,MEDIA-BASSA VALTELLINA
ROBBIO,3018123,PV,IM-12,BASSA PIANURA OCCIDENTALE
BIANZONE,3014008,SO,IM-02,MEDIA-BASSA VALTELLINA
LASNIGO,3013123,CO,IM-05,LARIO E PREALPI OCCIDENTALI
PIANCOGNO,3017206,BS,IM-07,VALCAMONICA
VIGGIU`,3012139,VA,IM-04,LAGHI E PREALPI VARESINE
CERETTO LOMELLINA,3018044,PV,IM-12,BASSA PIANURA OCCIDENTALE
MORIMONDO,3015150,MI,IM-12,BASSA PIANURA OCCIDENTALE
OLTRE IL COLLE,3016146,BG,IM-06,OROBIE BERGAMASCHE
SOMMA LOMBARDO,3012123,VA,IM-09,NODO IDRAULICO DI MILANO
RONCARO,3018129,PV,IM-12,BASSA PIANURA OCCIDENTALE
CIVIDATE CAMUNO,3017055,BS,IM-07,VALCAMONICA
CONFIENZA,3018052,PV,IM-12,BASSA PIANURA OCCIDENTALE
OLEVANO DI LOMELLINA,3018104,PV,IM-12,BASSA PIANURA OCCIDENTALE
CASTIGLIONE OLONA,3012046,VA,IM-09,NODO IDRAULICO DI MILANO
CASPOGGIO,3014013,SO,IM-02,MEDIA-BASSA VALTELLINA
VOLPARA,3018183,PV,IM-14,APPENNINO PAVESE
PANCARANA,3018108,PV,IM-12,BASSA PIANURA OCCIDENTALE
PARZANICA,3016159,BG,IM-08,LAGHI E PREALPI ORIENTALI
OSSIMO,3017128,BS,IM-07,VALCAMONICA
ENDINE GAIANO,3016093,BG,IM-08,LAGHI E PREALPI ORIENTALI
BRUGHERIO,3108012,MB,IM-09,NODO IDRAULICO DI MILANO
ANTEGNATE,3016010,BG,IM-10,PIANURA CENTRALE
PONTI SUL MINCIO,3020044,MN,IM-11,ALTA PIANURA ORIENTALE
ORIO AL SERIO,3016150,BG,IM-10,PIANURA CENTRALE
COLZATE,3016080,BG,IM-06,OROBIE BERGAMASCHE
OSPITALETTO,3017127,BS,IM-11,ALTA PIANURA ORIENTALE
COLOGNO AL SERIO,3016079,BG,IM-10,PIANURA CENTRALE
FILAGO,3016098,BG,IM-10,PIANURA CENTRALE
SAN DANIELE PO,3019089,CR,IM-13,BASSA PIANURA ORIENTALE
CASELLE LURANI,3098012,LO,IM-12,BASSA PIANURA OCCIDENTALE
SAN DAMIANO AL COLLE,3018134,PV,IM-14,APPENNINO PAVESE
MARGNO,3097047,LC,IM-05,LARIO E PREALPI OCCIDENTALI
LENO,3017088,BS,IM-11,ALTA PIANURA ORIENTALE
CAPERGNANICA,3019012,CR,IM-10,PIANURA CENTRALE
MALAGNINO,3019056,CR,IM-13,BASSA PIANURA ORIENTALE
CASALETTO VAPRIO,3019020,CR,IM-10,PIANURA CENTRALE
CAMBIAGO,3015044,MI,IM-09,NODO IDRAULICO DI MILANO
BIANZANO,3016026,BG,IM-06,OROBIE BERGAMASCHE
ALSERIO,3013006,CO,IM-09,NODO IDRAULICO DI MILANO
MOZZATE,3013159,CO,IM-09,NODO IDRAULICO DI MILANO
CHIAVENNA,3014018,SO,IM-01,VALCHIAVENNA
CAIOLO,3014011,SO,IM-02,MEDIA-BASSA VALTELLINA
ZIBIDO SAN GIACOMO,3015247,MI,IM-12,BASSA PIANURA OCCIDENTALE
NOSATE,3015155,MI,IM-09,NODO IDRAULICO DI MILANO
SCANDOLARA RAVARA,3019092,CR,IM-13,BASSA PIANURA ORIENTALE
LURANO,3016129,BG,IM-10,PIANURA CENTRALE
RETORBIDO,3018121,PV,IM-14,APPENNINO PAVESE
SANTO STEFANO LODIGIANO,3097074,LC,IM-12,BASSA PIANURA OCCIDENTALE
TORRICELLA DEL PIZZO,3019108,CR,IM-13,BASSA PIANURA ORIENTALE
RANCIO VALCUVIA,3012115,VA,IM-04,LAGHI E PREALPI VARESINE
CAMPARADA,3108014,MB,IM-09,NODO IDRAULICO DI MILANO
VILLANOVA DEL SILLARO,3098060,LO,IM-12,BASSA PIANURA OCCIDENTALE
BERZO SAN FERMO,3016025,BG,IM-08,LAGHI E PREALPI ORIENTALI
TALAMONA,3014063,SO,IM-02,MEDIA-BASSA VALTELLINA
SPIRANO,3016206,BG,IM-10,PIANURA CENTRALE
PISOGNE,3017143,BS,IM-08,LAGHI E PREALPI ORIENTALI
MIRADOLO TERME,3018093,PV,IM-12,BASSA PIANURA OCCIDENTALE
DAIRAGO,3015099,MI,IM-09,NODO IDRAULICO DI MILANO
COLLE BRIANZA,3097024,LC,IM-05,LARIO E PREALPI OCCIDENTALI
PEGOGNAGA,3013178,CO,IM-13,BASSA PIANURA ORIENTALE
PERSICO DOSIMO,3019068,CR,IM-11,ALTA PIANURA ORIENTALE
GIUSSANO,3108024,MB,IM-09,NODO IDRAULICO DI MILANO
CORNEGLIANO LAUDENSE,3098021,LO,IM-10,PIANURA CENTRALE
PIUBEGA,3020041,MN,IM-11,ALTA PIANURA ORIENTALE
TICENGO,3019104,CR,IM-10,PIANURA CENTRALE
MILZANO,3017108,BS,IM-11,ALTA PIANURA ORIENTALE
ZELO SURRIGONE,3015246,MI,IM-12,BASSA PIANURA OCCIDENTALE
CERANOVA,3018043,PV,IM-12,BASSA PIANURA OCCIDENTALE
CUSINO,3013085,CO,IM-05,LARIO E PREALPI OCCIDENTALI
POGGIRIDENTI,3014051,SO,IM-02,MEDIA-BASSA VALTELLINA
CELLATICA,3017048,BS,IM-08,LAGHI E PREALPI ORIENTALI
SANTA BRIGIDA,3016252,BG,IM-06,OROBIE BERGAMASCHE
MEDA,3108030,MB,IM-09,NODO IDRAULICO DI MILANO
VIMERCATE,3108050,MB,IM-09,NODO IDRAULICO DI MILANO
ROMANENGO,3019086,CR,IM-10,PIANURA CENTRALE
CARUGO,3013048,CO,IM-09,NODO IDRAULICO DI MILANO
CAPO DI PONTE,3017035,BS,IM-07,VALCAMONICA
GAZZADA SCHIANNO,3012073,VA,IM-09,NODO IDRAULICO DI MILANO
VAL DI NIZZA,3018166,PV,IM-14,APPENNINO PAVESE
SUISIO,3016209,BG,IM-10,PIANURA CENTRALE
PIZZIGHETTONE,3019076,CR,IM-12,BASSA PIANURA OCCIDENTALE
ZEME,3018186,PV,IM-12,BASSA PIANURA OCCIDENTALE
GARDONE RIVIERA,3017074,BS,IM-08,LAGHI E PREALPI ORIENTALI
AZZANO MELLA,3017008,BS,IM-11,ALTA PIANURA ORIENTALE
MUGGIO`,3108034,MB,IM-09,NODO IDRAULICO DI MILANO
LURATE CACCIVIO,3013138,CO,IM-09,NODO IDRAULICO DI MILANO
ARCORE,3108004,MB,IM-09,NODO IDRAULICO DI MILANO
GERRE DE`CAPRIOLI,3019048,CR,IM-13,BASSA PIANURA ORIENTALE
LARDIRAGO,3018080,PV,IM-12,BASSA PIANURA OCCIDENTALE
SABBIO CHIESE,3017168,BS,IM-08,LAGHI E PREALPI ORIENTALI
VANZAGO,3015229,MI,IM-09,NODO IDRAULICO DI MILANO
CERNOBBIO,3013065,CO,IM-05,LARIO E PREALPI OCCIDENTALI
RENATE,3108037,MB,IM-09,NODO IDRAULICO DI MILANO
GUANZATE,3013114,CO,IM-09,NODO IDRAULICO DI MILANO
BASCAPE`,3018009,PV,IM-12,BASSA PIANURA OCCIDENTALE
VILLANOVA D`ARDENGHI,3018179,PV,IM-12,BASSA PIANURA OCCIDENTALE
PIEVE FISSIRAGA,3098045,LO,IM-12,BASSA PIANURA OCCIDENTALE
MOTTEGGIANA,3020037,MN,IM-13,BASSA PIANURA ORIENTALE
ROVATO,3017166,BS,IM-11,ALTA PIANURA ORIENTALE
MONTICELLI PAVESE,3018099,PV,IM-12,BASSA PIANURA OCCIDENTALE
ARSAGO SEPRIO,3012005,VA,IM-09,NODO IDRAULICO DI MILANO
TRIVOLZIO,3018163,PV,IM-12,BASSA PIANURA OCCIDENTALE
CHIARI,3017052,BS,IM-11,ALTA PIANURA ORIENTALE
BARASSO,3012008,VA,IM-04,LAGHI E PREALPI VARESINE
LANDRIANO,3018078,PV,IM-12,BASSA PIANURA OCCIDENTALE
SUSTINENTE,3020064,MN,IM-13,BASSA PIANURA ORIENTALE
GROPELLO CAIROLI,3018076,PV,IM-12,BASSA PIANURA OCCIDENTALE
RIPALTA GUERINA,3019082,CR,IM-10,PIANURA CENTRALE
AZZATE,3012006,VA,IM-04,LAGHI E PREALPI VARESINE
DARFO BOARIO TERME,3017065,BS,IM-07,VALCAMONICA
FIESCO,3019043,CR,IM-10,PIANURA CENTRALE
ROGENO,3097072,LC,IM-09,NODO IDRAULICO DI MILANO
CESANO MADERNO,3108019,MB,IM-09,NODO IDRAULICO DI MILANO
PESSINA CREMONESE,3019070,CR,IM-11,ALTA PIANURA ORIENTALE
GODIASCO,3018073,PV,IM-14,APPENNINO PAVESE
PIGRA,3013184,CO,IM-05,LARIO E PREALPI OCCIDENTALI
CIGOLE,3017053,BS,IM-11,ALTA PIANURA ORIENTALE
GANDELLINO,3016107,BG,IM-06,OROBIE BERGAMASCHE
SERRAVALLE A PO,3020062,MN,IM-13,BASSA PIANURA ORIENTALE
CASTRONNO,3012047,VA,IM-09,NODO IDRAULICO DI MILANO
GORLE,3016115,BG,IM-10,PIANURA CENTRALE
PRATA CAMPORTACCIO,3014054,SO,IM-01,VALCHIAVENNA
CASSINETTA DI LUGAGNANO,3015061,MI,IM-09,NODO IDRAULICO DI MILANO
TARTANO,3014064,SO,IM-02,MEDIA-BASSA VALTELLINA
SCALDASOLE,3018147,PV,IM-12,BASSA PIANURA OCCIDENTALE
SERGNANO,3019094,CR,IM-10,PIANURA CENTRALE
LOVERE,3016128,BG,IM-08,LAGHI E PREALPI ORIENTALI
PAULLO,3015169,MI,IM-09,NODO IDRAULICO DI MILANO
CHIUDUNO,3016073,BG,IM-08,LAGHI E PREALPI ORIENTALI
ZELBIO,3013246,CO,IM-05,LARIO E PREALPI OCCIDENTALI
MOZZO,3016143,BG,IM-10,PIANURA CENTRALE
RONCOBELLO,3016184,BG,IM-06,OROBIE BERGAMASCHE
ELLO,3097033,LC,IM-05,LARIO E PREALPI OCCIDENTALI
PIANTEDO,3014048,SO,IM-02,MEDIA-BASSA VALTELLINA
ROGNO,3016182,BG,IM-07,VALCAMONICA
GANDINO,3016108,BG,IM-06,OROBIE BERGAMASCHE
VIGANO`,3097090,LC,IM-05,LARIO E PREALPI OCCIDENTALI
FUSINE,3014030,SO,IM-02,MEDIA-BASSA VALTELLINA
VERCANA,3013239,CO,IM-05,LARIO E PREALPI OCCIDENTALI
IMBERSAGO,3097039,LC,IM-05,LARIO E PREALPI OCCIDENTALI
CAVARIA CON PREMEZZO,3012048,VA,IM-09,NODO IDRAULICO DI MILANO
LEVATE,3016126,BG,IM-10,PIANURA CENTRALE
LUZZANA,3016130,BG,IM-08,LAGHI E PREALPI ORIENTALI
CISLAGO,3012050,VA,IM-09,NODO IDRAULICO DI MILANO
MONTEGRINO VALTRAVAGLIA,3012103,VA,IM-04,LAGHI E PREALPI VARESINE
CARAVATE,3012031,VA,IM-04,LAGHI E PREALPI VARESINE
VAL MASINO,3014074,SO,IM-02,MEDIA-BASSA VALTELLINA
MARTIGNANA DI PO,3019057,CR,IM-13,BASSA PIANURA ORIENTALE
OSPEDALETTO LODIGIANO,3098043,LO,IM-12,BASSA PIANURA OCCIDENTALE
PONTIDA,3016171,BG,IM-06,OROBIE BERGAMASCHE
TRIGOLO,3019110,CR,IM-10,PIANURA CENTRALE
MARZANO,3018087,PV,IM-12,BASSA PIANURA OCCIDENTALE
CASTELDIDONE,3019023,CR,IM-13,BASSA PIANURA ORIENTALE
SONICO,3017181,BS,IM-07,VALCAMONICA
SORESINA,3019098,CR,IM-11,ALTA PIANURA ORIENTALE
VERDELLINO,3016232,BG,IM-10,PIANURA CENTRALE
ROCCAFRANCA,3017162,BS,IM-11,ALTA PIANURA ORIENTALE
CHIESA IN VALMALENCO,3014019,SO,IM-02,MEDIA-BASSA VALTELLINA
LURAGO D`ERBA,3013136,CO,IM-09,NODO IDRAULICO DI MILANO
LUVINATE,3012093,VA,IM-04,LAGHI E PREALPI VARESINE
PADENGHE SUL GARDA,3017129,BS,IM-08,LAGHI E PREALPI ORIENTALI
BARBIANELLO,3018008,PV,IM-12,BASSA PIANURA OCCIDENTALE
TROMELLO,3018164,PV,IM-12,BASSA PIANURA OCCIDENTALE
CETO,3017050,BS,IM-07,VALCAMONICA
TURATE,3013227,CO,IM-09,NODO IDRAULICO DI MILANO
ONO SAN PIETRO,3017124,BS,IM-07,VALCAMONICA
DRIZZONA,3019042,CR,IM-11,ALTA PIANURA ORIENTALE
LUISAGO,3013135,CO,IM-05,LARIO E PREALPI OCCIDENTALI
LURAGO MARINONE,3013137,CO,IM-09,NODO IDRAULICO DI MILANO
VARESE,3012133,VA,IM-04,LAGHI E PREALPI VARESINE
ROMAGNESE,3018128,PV,IM-14,APPENNINO PAVESE
MONIGA DEL GARDA,3017109,BS,IM-08,LAGHI E PREALPI ORIENTALI
CASNATE CON BERNATE,3013053,CO,IM-09,NODO IDRAULICO DI MILANO
ORIO LITTA,3098042,LO,IM-12,BASSA PIANURA OCCIDENTALE
VILLIMPENTA,3020068,MN,IM-13,BASSA PIANURA ORIENTALE
MONTICELLO BRIANZA,3097054,LC,IM-09,NODO IDRAULICO DI MILANO
TAVERNERIO,3013222,CO,IM-05,LARIO E PREALPI OCCIDENTALI
RONAGO,3013199,CO,IM-05,LARIO E PREALPI OCCIDENTALI
UBOLDO,3012130,VA,IM-09,NODO IDRAULICO DI MILANO
CUGLIATE - FABIASCO,3012059,VA,IM-04,LAGHI E PREALPI VARESINE
ROTA D`IMAGNA,3016186,BG,IM-06,OROBIE BERGAMASCHE
